S01100002E2E2F50726F746575732E73313966
S32D0000C000000000205DC2000011C3000017C300001DC3000023C3000029C3000000000000000000000000000073
S32D0000C028000000002FC3000035C30000000000003BC3000041C3000065CE000071CE00007DCE000089CE0000EA
S32D0000C05095CE0000A1CE0000ADCE0000B9CE0000C5CE0000D1CE0000DDCE0000E9CE0000F5CE000001CF0000C7
S32D0000C0780DCF000019CF000025CF000031CF00003DCF000049CF000055CF000061CF00006DCF000079CF0000E6
S32D0000C0A085CF000091CF00009DCF0000A9CF0000B5CF0000C1CF0000CDCF0000D9CF0000E5CF0000F1CF00000E
S32D0000C0C8FDCF000009D0000015D0000021D000002DD0000039D0000045D0000051D000005DD0000069D000002D
S32D0000C0F075D000008519010081D000008DD0000099D00000A5D00000B1D00000BDD00000C9D00000D5D0000066
S32D0000C118E1D00000EDD00000F9D0000005D1000011D100001DD1000029D1000035D1000041D100004DD10000EC
S32D0000C14059D1000065D1000071D100007DD1000041FB000089D1000095D10000A1D10000ADD10000B9D100006B
S32D0000C168C5D10000D1D10000DDD10000E9D10000F5D1000001D200000DD2000019D2000025D2000031D20000AC
S32D0000C1903DD2000049D2000055D2000035F70000FDF5000099F60000E9CB0000D5F7000061D200006DD2000091
S32D0000C1B879D200008C99010000000020C81600008C9901000000FF1F00000000C8160020880400000000FF1FFE
S32D0000C1E00000000080B489B000AFF860B9607A60BB68FB61FB68BB6100237B617A697B689A420BD2BA69131DFB
S32D0000C208BB61FB69191DF96112681A607B6904337B61EFE700BF2437BD4680BC704780B485B000AF786039609E
S32D0000C2307B68FB600023BB60BA683B689A4208D2FB681A1DFA6000221A60BB680433BB60F2E700BF1437BD46FE
S32D0000C25880BC704780B586B000AF72B6234B4CF220521A80214B4DF628121A80204B4FF4E9721A801F4B7B615F
S32D0000C2807B691F4A934214D27B691A1D7A611B683B617B691A1D7A611B68FB607B691A1D7A611B68BB60BA68E9
S32D0000C2A8F9683869FFF79AFFE6E77B69134A93420ED27B691A1D7A611B68FB607B691A1D7A611B68BB60B9688B
S32D0000C2D0F868FFF7A8FFECE70B4B7B600B4A7B681A6006F069FE62B600F046FD00F04AFBFEE700BF0E20054099
S32D0000C2F800200540BCC10000D4C10000E4C1000008ED00E000C0000080B400AFFEE780B400AFFEE780B400AFF4
S32D0000C320FEE780B400AFFEE780B400AFFEE780B400AFFEE780B400AFFEE780B400AFFEE780B400AFFEE780B426
S32D0000C34800AFFEE7FFFFFFFFFFFFFFFFFFFFFFFFFFFFFFFFFFFFFFFFFFFFFFFFFFFFFFFFFFFFFFFFFFFFFFFF57
S32D0000C370FFFFFFFFFFFFFFFFFFFFFFFFFFFFFFFFFFFFFFFFFFFFFFFFFFFFFFFFFFFFFFFFFFFFFFFFFFFFFFFFC7
S32D0000C398FFFFFFFFFFFFFFFFFFFFFFFFFFFFFFFFFFFFFFFFFFFFFFFFFFFFFFFFFFFFFFFFFFFFFFFFFFFFFFFF9F
S32D0000C3C0FFFFFFFFFFFFFFFFFFFFFFFFFFFFFFFFFFFFFFFFFFFFFFFFFFFFFFFFFFFFFFFFFFFFFFFFFFFFFFFF77
S32D0000C3E8FFFFFFFFFFFFFFFFFFFFFFFFFFFFFFFFFFFFFFFFFFFFFFFFFFFFFFFFFFFFFFFFFFFFFFFFFEFFFFFF50
S32D0000C44010B5054C237833B9044B13B10448AFF300800123237010BDC81600200000000010C4000008B5034B4F
S32D0000C4681BB103490348AFF3008008BD00000000CC16002010C40000F0B583B000AF78603960634803F000FAF6
S32D0000C490624803F0FDF93B68002B44D1604805F0F7F90346184605F087FD02460B464FF000005C4905F002FFE8
S32D0000C4B802460B46104619464FF00002584B05F0CFFD02460B461046194606F0ABF803461946544800F054FFF5
S32D0000C4E04F4805F0D5F90346184605F065FD02460B464FF000004B4905F0E0FE02460B46104619464FF0000208
S32D0000C508474B05F0ADFD02460B461046194606F089F803461946444800F032FF43E03E4805F0B2F903461846CA
S32D0000C53005F042FD02460B464FF000003D4905F0BDFE02460B46104619464FF00002364B05F08AFD02460B4676
S32D0000C5581046194606F066F803461946314800F00FFF2D4805F090F90346184605F020FD02460B464FF0000009
S32D0000C5802C4905F09BFE02460B46104619464FF00002254B05F068FD02460B461046194606F044F80346194609
S32D0000C5A8214800F0EDFE1B4803F05CF90446184803F058F903462344184605F0E7FC4FF000024FF0804305F06A
S32D0000C5D075FE02460B4614461D46786805F0DAFC02460B4601210E462046294605F0AEFF0346002B01D10023DA
S32D0000C5F81E46F3B2002B00D0D5E70A4800F07EFE094800F07BFE00BF0C37BD46F0BD00BFE4160020E816002034
S32D0000C620441A00200000274000003940EC160020F4160020000027C0F0B585B000AF78600B46FB70784803F08B
S32D0000C64823F9784803F020F9786805F0B1FC4FF00002754B05F004FD02460B461046194605F098FF0346FB60E5
S32D0000C670FB78662B4DD16F4805F00AF90346184605F09AFC02460B464FF000006A4905F015FE02460B46104617
S32D0000C69819464FF00002674B05F0E2FC02460B461046194605F0BEFF03461946624800F067FE5E4805F0E8F82D
S32D0000C6C00346184605F078FC02460B464FF000005C4905F0F3FD02460B46104619464FF00002564B05F0C0FCF9
S32D0000C6E802460B46104619464BA3D3E9002305F0B7FC02460B461046194605F093FF034619464F4800F03CFE23
S32D0000C7104FE0FB78622B4CD1464805F0B9F80346184605F049FC02460B464FF00000454905F0C4FD02460B46E5
S32D0000C738104619464FF000023E4B05F091FC02460B461046194605F06DFF034619463A4800F016FE354805F083
S32D0000C76097F80346184605F027FC02460B464FF00000314905F0A2FD02460B46104619464FF000022D4B05F07B
S32D0000C7886FFC02460B461046194623A3D3E9002305F066FC02460B461046194605F042FF03461946264800F044
S32D0000C7B0EBFD1E4803F05AF804461B4803F056F803462344184605F0E5FB4FF000024FF0804305F073FD024607
S32D0000C7D80B4614461D46F86805F0D8FB02460B4601210E462046294605F0ACFE0346002B01D100231E46F3B208
S32D0000C800002B00D0D5E70E4800F07CFD0E4800F079FD00BF1437BD46F0BD00BFAFF30080295C8FC2F528F03F1B
S32D0000C828E4160020E816002000404440441A00200000274000003940EC160020000027C0F41600200000000055
S32D0000C850F0B587B000AFF8600B467A60FB72444803F016F8434803F013F8F86805F0A4FB4FF00002404B05F074
S32D0000C878F7FB02460B461046194605F08BFE03467B61FB7A662B1AD179683A4800F078FD7B6883F000431846FF
S32D0000C8A005F08AFB30A3D3E9002305F0DDFB02460B461046194605F0B9FE03461946304800F062FD1CE0FB7A97
S32D0000C8C8622B19D17B6883F000431946294800F057FD786805F06CFB21A3D3E9002305F0BFFB02460B461046A1
S32D0000C8F0194605F09BFE03461946214800F044FD1C4802F0B3FF0446194802F0AFFF03462344184605F03EFB5C
S32D0000C9184FF000024FF0804305F0CCFC02460B4614461D46786905F031FB02460B4601210E462046294605F0C0
S32D0000C94005FE0346002B01D100231E46F3B2002B00D0D5E7094800F0D5FC094800F0D2FC00BF1C37BD46F0BDBA
S32D0000C968295C8FC2F528F03FE4160020E816002000404440EC160020F416002080B582B000AF5549554804F0F2
S32D0000C99079F85549534804F075F83A463B1D1946504803F0D9FE034683F00103DBB2002B00D0F2E73A463B1DDC
S32D0000C9B819464A4803F0CCFE0346002B00D0F5E70021464803F0F3FD4649444804F056F84549464800F0D4FCB8
S32D0000C9E0454A62214FF07E50FFF732FF66214FF07E50FFF721FE66214048FFF71DFE00217320FFF73DFD4FF0F7
S32D0000CA0800003D4902F07EFB66213C48FFF710FE4FF00000384902F075FB62213848FFF707FE4FF00000374921
S32D0000CA3002F06CFB01216420FFF722FD62214FF08040FFF7F9FD00216420FFF719FD62212F48FFF7F1FD4FF088
S32D0000CA5800002C4902F056FB01216420FFF70CFD4FF00000274902F04DFB214A66212748FFF7EAFE00213720B3
S32D0000CA80FFF7FEFC66214FF08040FFF7D5FD01213720FFF7F5FC66211F48FFF7CDFD1F4802F01AFF0346194622
S32D0000CAA80E4803F0FEFF1C4802F012FF034619460A4803F0F6FF194802F00AFF03461946064803F0EEFF4FF060
S32D0000CAD000000B4902F01AFB024803F082FDDEE74C920100F8190020689201007C92010000000CC2FC16002042
S32D0000CAF800002042000088410000F03F0000A040000090400000E03F33331340000040410000404018170020DE
S32D0000CB20141700201017002080B582B000AF786039607B68012B33D13B684FF6FF7293422ED10021184802F01B
S32D0000CB48E3FB0121174802F0DFFB174A0121174800F096FB144A0021154800F091FB124A0221144800F08CFB87
S32D0000CB700821134802F09EFE1F21124802F0ECFA1821114802F096FE0321104802F092FE05210F4802F08EFE02
S32D0000CB9807210E4802F08AFE00BF0837BD4680BDE4160020E816002000001041EC160020F4160020FC16002032
S32D0000CBC004170020081700200C17002010170020141700201817002080B500AF4FF6FF710120FFF7A1FF80BD1C
S32D0000CBE880B500AF0F4BD3F8A03003F48053002B14BF01230023DBB2002B10D0094BD3F8A030084A23F4805374
S32D0000CC10C2F8A030064804F0E5FF064B1B68054A23F40053136000BF80BD00BF00C00440801A0020C0F00F40CE
S32D0000CC3880B400AF124B4FF480725A63114B5B69104A43F4005353610E4B1B680D4A43F4005313600A4B0C4A09
S32D0000CC601A630C4BD3F888310A4A43F08063C2F88831084B9B68074A43F08063936000BFBD4680BC704700BF4D
S32D0000CC8800C00440C0F00F4003010A0000E100E080B400AF334B00225A70324B98221A70304B9B79DBB203F08F
S32D0000CCB01003002B14BF01230023DBB2002B00D0F2E72A4B9B79DBB29B08DBB203F00303022B14BF0123002317
S32D0000CCD8DBB2002B00D0F0E7224B18221A71214B00225A71204B03F580531A461F4B53641C4B54225A711B4B7F
S32D0000CD009B79DBB203F02003002B0CBF01230023DBB2002B00D0F2E7144B9B79DBB203F04003002B0CBF012360
S32D0000CD280023DBB2002B00D0F2E70E4B1B78DBB20C4A03F03F03DBB213700A4B9B79DBB29B08DBB203F0030326
S32D0000CD50032B14BF01230023DBB2002B00D0F0E700231846BD4680BC704700BF0040064000700440000013018A
S32D0000CD7880B500AF314B03F580539B6B2F4A43F4785302F580529363FFF752FFFFF780FF2B4B58221A602A4B87
S32D0000CDA01B684FF47A7202FB03F3284A1360274B1B681A46234B03F580535B6C1B0E03F00F030133B2FBF3F391
S32D0000CDC81A46214B1A601D4B03F58053DB6B1B4A43F0225302F58052D363184B03F580531B6B164A43F00063C8
S32D0000CDF002F580521363174B4FF480721A61642002F05AF8134B5B69124A23F010035361104B00221A600F4B53
S32D0000CE1810225A610E4803F06DFA02F041FE02F09FFE0C4802F0A6F80B4804F02BFF4FF4FA6002F051F900BFA2
S32D0000CE4080BD00BF0070044044190020401900204819002000D00340F81900203C190020F01A002080B500AFD6
S32D0000CE68FFF76DFA00BF80BD80B500AFFFF767FA00BF80BD80B500AFFFF761FA00BF80BD80B500AFFFF75BFAAC
S32D0000CE9000BF80BD80B500AFFFF755FA00BF80BD80B500AFFFF74FFA00BF80BD80B500AFFFF749FA00BF80BD1B
S32D0000CEB880B500AFFFF743FA00BF80BD80B500AFFFF73DFA00BF80BD80B500AFFFF737FA00BF80BD80B500AF41
S32D0000CEE0FFF731FA00BF80BD80B500AFFFF72BFA00BF80BD80B500AFFFF725FA00BF80BD80B500AFFFF71FFA24
S32D0000CF0800BF80BD80B500AFFFF719FA00BF80BD80B500AFFFF713FA00BF80BD80B500AFFFF70DFA00BF80BD56
S32D0000CF3080B500AFFFF707FA00BF80BD80B500AFFFF701FA00BF80BD80B500AFFFF7FBF900BF80BD80B500AF7D
S32D0000CF58FFF7F5F900BF80BD80B500AFFFF7EFF900BF80BD80B500AFFFF7E9F900BF80BD80B500AFFFF7E3F99F
S32D0000CF8000BF80BD80B500AFFFF7DDF900BF80BD80B500AFFFF7D7F900BF80BD80B500AFFFF7D1F900BF80BD95
S32D0000CFA880B500AFFFF7CBF900BF80BD80B500AFFFF7C5F900BF80BD80B500AFFFF7BFF900BF80BD80B500AFBB
S32D0000CFD0FFF7B9F900BF80BD80B500AFFFF7B3F900BF80BD80B500AFFFF7ADF900BF80BD80B500AFFFF7A7F917
S32D0000CFF800BF80BD80B500AFFFF7A1F900BF80BD80B500AFFFF79BF900BF80BD80B500AFFFF795F900BF80BDD1
S32D0000D02080B500AFFFF78FF900BF80BD80B500AFFFF789F900BF80BD80B500AFFFF783F900BF80BD80B500AFF6
S32D0000D048FFF77DF900BF80BD80B500AFFFF777F900BF80BD80B500AFFFF771F900BF80BD80B500AFFFF76BF98E
S32D0000D07000BF80BD80B500AFFFF765F900BF80BD80B500AFFFF75FF900BF80BD80B500AFFFF759F900BF80BD0C
S32D0000D09880B500AFFFF753F900BF80BD80B500AFFFF74DF900BF80BD80B500AFFFF747F900BF80BD80B500AF32
S32D0000D0C0FFF741F900BF80BD80B500AFFFF73BF900BF80BD80B500AFFFF735F900BF80BD80B500AFFFF72FF906
S32D0000D0E800BF80BD80B500AFFFF729F900BF80BD80B500AFFFF723F900BF80BD80B500AFFFF71DF900BF80BD48
S32D0000D11080B500AFFFF717F900BF80BD80B500AFFFF711F900BF80BD80B500AFFFF70BF900BF80BD80B500AF6D
S32D0000D138FFF705F900BF80BD80B500AFFFF7FFF800BF80BD80B500AFFFF7F9F800BF80BD80B500AFFFF7F3F880
S32D0000D16000BF80BD80B500AFFFF7EDF800BF80BD80B500AFFFF7E7F800BF80BD80B500AFFFF7E1F800BF80BD86
S32D0000D18880B500AFFFF7DBF800BF80BD80B500AFFFF7D5F800BF80BD80B500AFFFF7CFF800BF80BD80B500AFAC
S32D0000D1B0FFF7C9F800BF80BD80B500AFFFF7C3F800BF80BD80B500AFFFF7BDF800BF80BD80B500AFFFF7B7F8F9
S32D0000D1D800BF80BD80B500AFFFF7B1F800BF80BD80B500AFFFF7ABF800BF80BD80B500AFFFF7A5F800BF80BDC2
S32D0000D20080B500AFFFF79FF800BF80BD80B500AFFFF799F800BF80BD80B500AFFFF793F800BF80BD80B500AFE7
S32D0000D228FFF78DF800BF80BD80B500AFFFF787F800BF80BD80B500AFFFF781F800BF80BD80B500AFFFF77BF870
S32D0000D25000BF80BD80B500AFFFF775F800BF80BD80B500AFFFF76FF800BF80BD80B500AFFFF769F800BF80BDFD
S32D0000D27880B500AFFFF763F800BF80BD0000000080B584B000AFF8600B467A60FB72FB68FA7A1A71FB68002268
S32D0000D2A05A711749786805F0DBFC0346002B02D0134B7B600AE04FF07E51786805F0BCFC0346002B02D04FF000
S32D0000D2C87E537B60786804F073FE09A3D3E9002304F0C6FE02460B461046194605F0A2F90246FB681A60FB689E
S32D0000D2F018461037BD4680BDABAAAAAAAAAA20400000404180B582B000AF78607B685B79002B09D07B6800229F
S32D0000D3185A717B6819791E230022034801F064FE00BF0837BD4680BD3C19002080B584B000AF786039603B68C7
S32D0000D3407F2B02DD7F23FB7308E03B6813F1800F02DA8023FB7301E03B68FB737B685B79FA7B9A4209D07B6865
S32D0000D368FA7B5A717B681979FA7B1E23034801F03BFE00BF1037BD4680BD00BF3C190020B0B584B000AF78601D
S32D0000D39039603749386805F045FC0346002B02D0334B3B6008E03349386805F059FC0346002B01D02F4B3B6079
S32D0000D3B8386804F0FDFD04460D467B681B68184604F0F6FD4FF00002294B04F073FF02460B462046294604F0F4
S32D0000D3E043FE02460B461046194605F01FF903463B604FF00001386805F028FC0346002B10D0386804F0D8FDE9
S32D0000D40817A3D3E9002304F02BFE02460B461046194605F0BFF80346FB6018E0386804F0C7FD4FF00002134BB3
S32D0000D43004F01AFE02460B46104619464FF000020D4B04F03BFF02460B461046194605F0A5F80346FB60F968C8
S32D0000D4587868FFF76BFF00BF1037BD46B0BD00BF52B81E85EB51F43F0000C8C20000C842000059400000604048
S32D0000D48080B483B000AF03460A46FB711346BB71BB79002B03D1134B00221A7002E0114B01221A703823FB71EF
S32D0000D4A80E4B1A78FB791343FB710D4B9B78DBB20B4A43F01003DBB29370094B9B78DBB2074A43F02003DBB2EA
S32D0000D4D09370054AFB79137100BF0C37BD4680BC704700BF191700200060064080B483B000AF01237B607B683F
S32D0000D4F8312B04DC00BF7B6801337B60F7E700BF0C37BD4680BC704780B582B000AF03460A46FB711346BB71A3
S32D0000D520134B1B7800211846FFF7AAFF00F024F8104AFB79137100F01FF80E4ABB79137100F01AF80B4B9B78EE
S32D0000D548DBB20A4A23F02003DBB29370074B9B78DBB2064A23F01003DBB29370FFF7C2FF00BF0837BD4680BD21
S32D0000D5701A1700200060064080B483B000AF174B1B78002B24D100237B60154BDB78DBB203F00203002B0CBF3F
S32D0000D59801230023DBB2002B0DD07B6842F21072934203DD0B4B01221A7004E07B6801337B6000BFE5E7084B84
S32D0000D5C0DB78DBB2064A43F00203DBB2D37000E000BF0C37BD4680BC704700BF1B1700200060064080B582B00F
S32D0000D5E800AF0346FB71FB79184600F05FF800BF0837BD4680BD80B582B000AF03460A46FB711346BB7100F0CA
S32D0000D61035F8FB795B00DBB21846FFF7E3FFBB791846FFF7DFFF00F037F800BF0837BD4680BD80B500AFFF2067
S32D0000D63800F03CF80346184680BD80B584B000AF0346FB7100F016F8FB795B005BB243F001035BB2DBB21846E6
S32D0000D660FFF7C0FFFFF7E5FF0346FB7300F014F8FB7B18461037BD4680BD000080B400AF044B9B68034A43F446
S32D0000D6888013936000BFBD4680BC704740F00F4080B400AF044B5B68034A43F48013536000BFBD4680BC704746
S32D0000D6B040F00F4080B485B000AF0346FB710023BB73164BDB6A03F00043012B0CBF01230023DBB2002B03D00A
S32D0000D6D8FB7B0133FB73F0E70E4BDB6A0D4A43F00043D3620B4AFB7953630A4BDB6A03F40033002B0CBF012338
S32D0000D7000023DBB2002B00D0F3E7044B9B6BBB73BB7B18461437BD4680BC704700C00A4080B582B000AF204B93
S32D0000D72803F580531B6B1E4A43F4805302F5805213631C4B4FF480721A651B4B5B691A4A43F480135361FFF7B4
S32D0000D750A3FF164B4FF400725A65144B4FF400729A65124B4FF40072DA65124B124A1A60104B124ADA60002389
S32D0000D7787B607B68092B06DCFF20FFF72FFF7B6801337B60F5E704A1D1E9000101F0BAFC00BF0837BD4680BD59
S32D0000D7A09A9999999999B93F0070044000A0044040F00F4000C00A40000C00800500003E90B486B000AFF8605B
S32D0000D7C8B9607A60FB68534A93420AD1524B03F580535B6B504A43F4806302F58052536345E0FB684D4A93423B
S32D0000D7F00AD14B4B03F580535B6B494A43F4006302F58052536336E0FB68474A93420AD1434B03F580535B6B84
S32D0000D818414A43F4805302F58052536327E0FB68404A93420AD13C4B03F580535B6B3A4A43F4005302F580523B
S32D0000D840536318E0FB683A4A93420AD1344B03F580539B6A324A43F4806302F58052936209E02F4B03F58053A4
S32D0000D8689B6A2D4A43F4006302F580529362FB68DB78DBB223F00C03DAB2FB68DA70FB6800229A70BB684FF42B
S32D0000D8907A7203FB02F27B681B0192FBF3F39CB2FB681B78DBB223F01F03FB75230A9BB2DBB203F01F03DAB2FC
S32D0000D8B8FB7D1343DAB2FB681A70E2B2FB685A70BB684FF4FA4203FB02F27B681B0192FBF3F39AB263019BB237
S32D0000D8E0D31A9CB2FB689B7ADBB223F01F03FB75E3B203F01F03DAB2FB7D1343DAB2FB689A72FB68DB78DBB2F3
S32D0000D90843F00C03DAB2FB68DA7000BF1837BD4690BC704700A006400070044000B0064000C0064000D00640B6
S32D0000D93000A00E4080B483B000AF78607B681B79DBB203F02003002B0CBF01230023DBB2002B00D0F2E77B6852
S32D0000D958DB79DBB218460C37BD4680BC704780B483B000AF78600B46FB707B681B79DBB25BB2DB43DBB2DB09DF
S32D0000D980DBB2002B00D0F4E77B68FA78DA7100BF0C37BD4680BC704780B487B000AFF860B9607A60FB687B61DA
S32D0000D9A87B685A1E7A60002B14BF01230023DBB2002B06D07B695A1C7A61BA68D2B21A70EEE700BF1C37BD46FA
S32D0000D9D080BC704780B584B000AF786039607B681B6BFB60FA683B689A4252D07B681B79002B35D07B6858788C
S32D0000D9F87B6803F134010123FA6801F0F7F80346002B14BF01230023DBB2002B01D001233CE07B6800221A71A8
S32D0000DA207B685A6A7B681B6A1344FA689A4217D27B68DB78FB72FB7A012B11D97B681B6AFA681344FB607B68BE
S32D0000DA4858787B6803F134010123FA6801F0CEF8FB7A013BFB72EAE73B68002B15D07B6858787B6803F1340136
S32D0000DA7001233A6800F0DAFF0346002B14BF01230023DBB2002B01D0012303E07B683A681A6300231846103711
S32D0000DA98BD4680BD80B584B000AF786000217868FFF794FF0346FB73FB7B002B40F093807B681B78032B7DD119
S32D0000DAC07B685B79002B79D07B6800221A637B6834334FF4007200211846FFF75DFF7B68552283F832227B68AF
S32D0000DAE8AA2283F833227B68522283F834207B68522283F835207B68612283F836207B68412283F837207B68F5
S32D0000DB10722283F818227B68722283F819227B68412283F81A227B68612283F81B227B681B69DAB27B6883F805
S32D0000DB381C227B681B699BB21B0A9BB2DAB27B6883F81D227B681B691B0CDAB27B6883F81E227B681B691B0EEA
S32D0000DB60DAB27B6883F81F227B68DB68DAB27B6883F820227B68DB689BB21B0A9BB2DAB27B6883F821227B6825
S32D0000DB88DB681B0CDAB27B6883F822227B68DB681B0EDAB27B6883F823227B6858787B6803F134017B685A69F4
S32D0000DBB0012301F01FF87B6800225A717B685B7800220021184601F0E1F80346002B14BF01230023DBB2002BE4
S32D0000DBD801D00123FB73FB7B18461037BD4680BD80B582B000AF78600B467B807B68002B08D07B681B78002BA0
S32D0000DC0004D07B68DB887A889A4201D0092311E07B685B78184601F03BF9034603F00103002B14BF0123002352
S32D0000DC28DBB2002B01D0032300E0002318460837BD4680BD80B586B000AF78607B681A687B689B88194610462D
S32D0000DC50FFF7CAFF0346FB75FB7D002B40F0AC807B689B7903F02003002B00F0A5807B689B7903F04003002B8A
S32D0000DC781BD07B681B6858787B6803F128017B689A69012300F0B2FF0346002B14BF01230023DBB2002B01D09B
S32D0000DCA001238AE07B689B7923F04003DAB27B689A717B681A687B68DB6919461046FFF789FE0346FB75FB7D12
S32D0000DCC8002B75D17B681B6A3B613B690B331A783B690B3342F02002D2B21A707B68DA683B691C33D2B21A70DB
S32D0000DCF07B68DB689BB21B0A9AB23B691D33D2B21A707B68DB681A0C3B691E33D2B21A707B68DB681A0E3B69DF
S32D0000DD181F33D2B21A707B681A693B691A33D2B21A707B681B699BB21B0A9AB23B691B33D2B21A707B681B698C
S32D0000DD401A0C3B691433D2B21A707B681B691B0C9BB21B0A9AB23B691533D2B21A700023FB603B691633FA6883
S32D0000DD68D2B21A70FB689BB21B0A9AB23B691733D2B21A70FB681A0C3B691833D2B21A70FB681A0E3B69193361
S32D0000DD90D2B21A707B689B7923F02003DAB27B689A717B681B6801221A717B681B681846FFF774FE0346FB75B7
S32D0000DDB8FB7D18461837BD4680BD80B584B000AF78607868FFF736FF0346FB73FB7B002B02D17B6800221A6033
S32D0000DDE0FB7B18461037BD4680BD000080B588B000AF7860396080233B610F23FB604FF0FF337B610223FB6193
S32D0000DE08FB69B3F5807F23D80123BB61BB69102B1AD8FB69BA6902FB03F33A6803FB02F27B68D31ABB60BB6839
S32D0000DE30002B09DBBB687A699A4205D9BB687B61FB693B61BB69FB60BB690133BB61E1E7FB695B00FB61D7E762
S32D0000DE581D4BDB6A1C4A23F00803D3621A4BDB6A23F47F2323F47F63BB613B695B081B029AB2FB68013B1B0193
S32D0000DE80DBB21A43BB691343114A43F46023D3620F4B5B6A03F00803002B0CBF01230023DBB2002B03D00A20B7
S32D0000DEA801F01AF9F0E7084BDB6A074A43F00803D362054B1B6B044A43F48013136300BF2037BD4680BD00BF9C
S32D0000DED000100B4080B582B000AF786039607B6800221A60414B424ADA62404BDB6A03F08073002B14BF012397
S32D0000DEF80023DBB2002B00D0F3E73A4B0022C3F8C020384B4FF481325A60364B28229A62344B4FF001125A64AC
S32D0000DF203B689B6833491846FFF760FF2F4B5B6A03F00303002B14BF01230023DBB2002B00D0F3E72C4B40F276
S32D0000DF4843421A602A4B40F243425A60284B4FF488629A60264B40F24342DA60244B40F243421A61224B40F28A
S32D0000DF7043425A61214B03F580531B6B1F4A43F4003302F580521363184B4FF6FF721A63164B1B4A5A63154BFB
S32D0000DF98DB6A144A43F00063D362124BDB6A03F00063002B14BF01230023DBB2002B00D0F3E70C4B5B6A03F43B
S32D0000DFC08033002B14BF01230023DBB2002B02D07B6801221A60054B1B6B044A43F08003136300231846083721
S32D0000DFE8BD4680BD00100B400080000160CC050000D0044000700440B3007F0080B400AF064B5A6A40F2073360
S32D0000E0101340002B14BF01230023DBB21846BD4680BC704700100B4080B485B000AF7860074B1B6B7A68134011
S32D0000E038FB60FB68002B00D1F6E7FB6818461437BD4680BC704700BF00100B4080B584B000AF78607B681B78A1
S32D0000E06003F03F03764A52F82330FB60FB68002B05D17B681B78002B01D00123DCE0714B1B6B704A43F080033D
S32D0000E08813636E4B5B6A03F00103002B14BF01230023DBB2002B00D0F3E7684A7B685B689360FB6823F44003D0
S32D0000E0B0FB607B685B789B0503F44003FA681343FB607B685B78022B03D1FB6843F40013FB607B685B78042BA0
S32D0000E0D816D1FB6803F44033B3F5003F08D1FB6823F44033FB60FB6843F44033FB6007E0FB6823F44033FB60C7
S32D0000E100FB6843F40033FB604E4B5B684D4A9BB253607B68DB68002B2AD0FB6803F44033B3F5403F03D0FB6861
S32D0000E12843F40013FB607B681B7A002B03D0FB6843F01003FB607B68DB68012B03D9FB6843F02003FB607B6885
S32D0000E150DB68B3F1FF3F0BD03A4B5A687B68DB681B04384913434B60FB6843F00203FB60344B00221A60334A05
S32D0000E178FB68D3603248FFF753FF0346012B14BF01230023DBB2002B09D02C4B1B6B2B4A43F4702343F001038E
S32D0000E1A01363012348E0274B1B6B03F08003002B14BF01230023DBB2002B07D0214B1B6B204A43F00113136334
S32D0000E1C8012335E01D4B1B6B03F48033002B14BF01230023DBB2002B08D0184B1B6B174A43F0011313634FF03D
S32D0000E1F0FF3321E0FB6803F44033002B15D0114B1A697B681A61FB6803F44033B3F5803F0BD10C4B5A697B68A7
S32D0000E2185A610A4B9A697B689A61084BDA697B68DA61064B1B6B054A43F001031363002318461037BD4680BD58
S32D0000E2409892010000100B4001000E0080B592B000AF7860396000237B643B68BB63994B7B637B6B002B02D11B
S32D0000E26840F601235FE3964B3B633B6B002B02D140F60B2357E33B6B1B68FB62FB6A002B02D140F60B234EE3AD
S32D0000E2907B6841F20932934200F23F837B68B3F5985F08D87B68032B00F01A837B68092B00F0098331E37B68FC
S32D0000E2B8A3F59853013B082B00F22B8301A252F823F000BFF1E20000DDE5000039E80000F3E5000031E6000042
S32D0000E2E057E700009FE70000E1E60000FBE600007649786BFFF7EEFD78647B6C002B40F01083002387F843305B
S32D0000E308002387F82B30002387F82A30002387F82930002387F84230002387F8283000233B7200237B720023E2
S32D0000E330FB6000233B7400237B6107F108031846FFF788FE0346002B14BF01230023DBB2002B02D001237B649B
S32D0000E358E8E240F24C4000F0BFFE08233B7200237B724FF4D573FB6000233B7400237B6107F108031846FFF76C
S32D0000E38069FEF863FB6B002B09D1BA69FB689A4202D001237B64C9E2012387F84230012387F8283097F8283069
S32D0000E3A8002B00F0A58037233B7200237B720023FB6000233B7400237B6107F108031846FFF744FEF863FB6B47
S32D0000E3D0002B02D001237B64A8E269233B7200237B720023FB6000233B7400237B6107F108031846FFF72EFE7A
S32D0000E3F80346002B14BF01230023DBB2002B02D001237B648EE2BB6903F44013002B6FD00023FB630A2000F0F9
S32D0000E4205FFEFB6B0133FB6337233B7200237B720023FB6000233B7400237B6107F108031846FFF707FE03466E
S32D0000E448002B14BF01230023DBB2002B02D001237B6428E069233B7200237B7297F84230002B02D0184BFB60C7
S32D0000E47002E04FF44013FB6000233B7400237B6107F108031846FFF7E5FD0346002B14BF01230023DBB2002B5B
S32D0000E49802D001237B6406E0BB69002B03DBFB6B632B00D8B6E77B6C002B40F03882FB6B632B0BD9002387F88F
S32D0000E4C0423019E030170020341900208C92010000003040012387F8433097F84230002B0AD0002387F8423030
S32D0000E4E8BB6903F08043002B02D0012387F8423097F82A30002B02D07B6B07221A6097F82930002B02D07B6BE0
S32D0000E51008221A6097F82B30002B02D07B6B04221A6097F84330002B09D07B6B02221A6097F84230002B02D044
S32D0000E5387B6B03221A6097F82B30002B0DD097F84330002B09D07B6B05221A6097F84230002B02D07B6B0622A5
S32D0000E5601A60924B00221A60904B00225A608F4B00229A608D4B0022DA608C4B00221A618A4B00225A61FB6A2E
S32D0000E5889A68FB6A5B6819461046FFF72BFC854B40F243421A60834B40F243425A60814B4FF488629A607F4B6C
S32D0000E5B040F24342DA607D4B40F243421A617B4B40F243425A617A4B03F580531B6B784A43F4003302F580520F
S32D0000E5D81363A7E1B86BFFF739FDF863FB6B002B00F09F8102237B649BE1BB6B002B02D10C237B6496E16D4BEB
S32D0000E600DB6A1B0A5B0003F4FF73FB63694BDB6A1B0903F00F035A1CFB6B02FB03F3FB63FB6A9A68FB6BB2FB97
S32D0000E628F3F2BB6B1A607DE1BB6B002B02D10C237B6477E1BB6B1B68002B02D10C237B6470E1FFF7DBFC03463B
S32D0000E650002B0CBF01230023DBB2002B3CD0534B00221A60514B00225A60504B00229A604E4B0022DA604D4BA5
S32D0000E67800221A614B4B00225A61FB6A9A68BB6B1B6819461046FFF7ADFB464B40F243421A60444B40F24342F9
S32D0000E6A05A60424B4FF488629A60404B40F24342DA603E4B40F243421A613C4B40F243425A613B4B03F580535D
S32D0000E6C81B6B394A43F4003302F58052136329E140F60A237B6425E1BB6B002B02D10C237B641FE1314B5B68AF
S32D0000E6F0C3F30C02BB6B1A6018E1BB6B002B02D10C237B6412E1FFF77DFC0346002B0CBF01230023DBB2002BCD
S32D0000E71819D0BB6B1B68B3F5805F02D30C237B6400E1224B5B68214A23F4FF5323F01F0353601E4B5A68BB6BB9
S32D0000E7401B68C3F30C031B4913434B60EEE040F60A237B64EAE0BB6B002B02D10C237B64E4E0144B9B6A5B0867
S32D0000E76803F00303FB63FB6B002B03D1BB6B00221A60D7E0FB6B012B03D1BB6B01221A60D0E0FB6B102B03D100
S32D0000E790BB6B02221A60C9E005237B64C6E0BB6B002B09D10C237B64C0E000BF00D004400070044000100B4086
S32D0000E7B8FFF724FC0346002B0CBF01230023DBB2002B31D0BB6B1B68002B0AD1584B9B6A574A23F006039362D5
S32D0000E7E0554B554A9B6A9362A0E0BB6B1B68012B0CD1514B9B6A504A23F0060393624E4B9B6A4D4A43F00203E7
S32D0000E80893628FE0BB6B1B68022B0AD1484B9B6A474A23F006039362454B454A9B6A936280E005237B647DE0B6
S32D0000E83040F60A237B6479E0BB6B002B02D10C237B6473E03C4BDB6A3B4A43F00063D362394BDB6A03F000635F
S32D0000E858002B14BF01230023DBB2002B00D0F3E7334B1B6B03F08003002B14BF01230023DBB2002B08D02E4B23
S32D0000E8801B6B2D4A43F0800313637B6B00221A60294B5B6A03F48033002B14BF01230023DBB2002B07D07B6B22
S32D0000E8A81B68002B06D17B6B01221A6002E07B6B00221A607B6B1A68BB6B1A6032E0BB6B1C221A60BB6B043381
S32D0000E8D004221A60BB6B08334FF41E721A6025E00220FFF7A1FB144B1B6B03F4E003002B14BF01230023DBB282
S32D0000E8F8002B07D00E4B1B6B0D4A43F4E003136304237B640A4B1B6B094A43F03203136308E040F609237B64EF
S32D0000E92004E000BF02E000BF00E000BF7B6C18464837BD4680BD00BF00100B4080B489B000AF786039607B6858
S32D0000E9487B61364B3B613B69002B01D100235FE03B691B68022B0BD03B691B68032B07D03B691B68072B03D01E
S32D0000E9703B691B68082B0BD12B4B5B6A03F00403002B14BF01230023DBB2002B00D0F3E73B68FB61FB69002BD9
S32D0000E9983DD0FB69B3F5007F28BF4FF40073FB60FB6803339B08BB61BB69002B2AD01C4B1B6B03F4E003002B2E
S32D0000E9C014BF01230023DBB2002B09D0164B1B6B154A43F4E00343F02003136300231BE0114B5B6A03F40063B9
S32D0000E9E8002B0CBF01230023DBB2002B00D0F3E70B497B691A1D7A610A6A1A60BB69013BBB61D1E7FA69FB6830
S32D0000EA10D31AFB61BEE7012318462437BD4680BC704700BF3017002000100B4080B58EB000AFB9607A601A4621
S32D0000EA380346FB731346BB73414B7B63FB7B002B02D1BB7B002B01D1042375E03D4B1B78DBB203F00103002B1B
S32D0000EA6014BF01230023DBB2002B01D0032367E0BB68002B01D1002362E07B6B1B7B002B02D17B685B027B605E
S32D0000EA88BB7B012B28D111233B7500237B757B68BB6101233B77BB7B3B6207F11403194641F20230FFF7CEFBD4
S32D0000EAB00346002B0CBF01230023DBB2002B38D04FF40071B868FFF739FF0346002B14BF01230023DBB2002BAA
S32D0000EAD82BD00023BB7328E012233B7500237B757B68BB6101233B77BB7B3B6207F11403194641F20230FFF753
S32D0000EB00A5FB0346002B0CBF01230023DBB2002B0FD0BB7B5B021946B868FFF70FFF0346002B14BF0123002386
S32D0000EB28DBB2002B01D00023BB73BB7B002B01D0012300E0002300BF18463837BD4680BD1C170020000000204D
S32D0000EB5080B487B000AF786039607B68FB603B687B617B69002B3DD07B69B3F5007F28BF4FF400733B617A690C
S32D0000EB783B69D31A7B613B6903339B083B613B69002BEAD0184B1B6B03F4E003002B14BF01230023DBB2002BA0
S32D0000EBA00AD0134B1B6B124A43F4E00343F0100313634FF0FF3316E00D4B5B6A03F48063002B0CBF01230023BC
S32D0000EBC8DBB2002B00D0F3E7FB681A1DFA60064A1B6813623B69013B3B61D0E7012318461C37BD4680BC704783
S32D0000EBF000100B4080B58EB000AFB9607A601A460346FB731346BB735D4B7B63FB7B002B02D1BB7B002B01D1BC
S32D0000EC180423ADE0594B1B78DBB203F00103002B14BF01230023DBB2002B01D003239FE0524B1B78DBB203F03C
S32D0000EC400403002B14BF01230023DBB2002B01D0022391E0BB68002B01D100238CE07B6B1B7B002B02D17B682F
S32D0000EC685B027B60BB7B012B28D118233B7500237B757B68BB6100233B77BB7B3B6207F11403194641F2023073
S32D0000EC90FFF7DCFA0346002B0CBF01230023DBB2002B38D04FF40071B868FFF751FF0346002B14BF012300239C
S32D0000ECB8DBB2002B2BD00023BB7328E019233B7500237B757B68BB6100233B77BB7B3B6207F11403194641F2DB
S32D0000ECE00230FFF7B3FA0346002B0CBF01230023DBB2002B0FD0BB7B5B021946B868FFF727FF0346002B14BF9F
S32D0000ED0801230023DBB2002B01D00023BB730D233B7500237B757B6B1B69BB6100233B7700233B6207F114039F
S32D0000ED30194641F20230FFF789FA0346002B14BF01230023DBB2002B01D0012314E07A6A0D4B1340002B01D0BE
S32D0000ED5801230DE07B6A03F4F853B3F5106F00D0D5E7BB7B002B01D0012300E0002300BF18463837BD4680BD7D
S32D0000ED801C170020000000200880D9FF80B58CB000AF03463A60FB710B46BB713A4BBB62FB79002B01D004236D
S32D0000EDA869E0012387F82F30364B1B78DBB203F00103002B14BF01230023DBB2002B01D0032358E0BB79032BCC
S32D0000EDD050D801A252F823F0E9ED0000F1ED000001EE000011EE0000002387F82F3044E0BB6A9A683B681A60E2
S32D0000EDF8002387F82F303CE03B684FF400721A80002387F82F3034E009233B7200237B72BB6A1B69FB600023B9
S32D0000EE203B7400237B6107F10803194641F20230FFF70CFA0346002B14BF01230023DBB2002B01D001231AE01E
S32D0000EE487B6A03F44003002B0CD13B6A9B0C03F07F035A1C7B6A1B0A03F00303013B9A403B681A60002387F866
S32D0000EE702F3002E0042387F82F3097F82F3018463037BD4680BD00BF1C1700200000002080B483B000AF0346AA
S32D0000EE98FB71FB79002B01D0012302E0034B1B78DBB218460C37BD4680BC70470000002080B483B000AF786057
S32D0000EEC0164B03F580539B6B144A43F0010302F580529363124A7B689360114B05225A600F4B1B680E4A43F0C7
S32D0000EEE8010313600C4B1B6803F08003002B0CBF01230023DBB2002B00D0F3E7064B1B68054A23F001031360E9
S32D0000EF1000BF0C37BD4680BC704700BF007004400000044080B582B000AF786039607B68012B07D13B684FF6CE
S32D0000EF38FF72934202D1034800F00EF800BF0837BD4680BD3C19002080B500AF4FF6FF710120FFF7E3FF80BDCF
S32D0000EF6080B483B000AF78607B6800221A707B6818460C37BD4680BC7047000080B582B000AF78607B681B7828
S32D0000EF8883F00103DBB2002B21D0134B03F580531A464FF400639362104B4FF440721A620E4B4FF440725A6241
S32D0000EFB00D4B1B68DA0F13445B104FF4614219460A48FEF7FDFB642000F08AF87B6801221A70012300E000237C
S32D0000EFD818460837BD4680BD0070044000D004404019002000B00E4080B582B000AF7860084611461A460346B3
S32D0000F000FB700B46BB7013467B707F210E48FEF7AAFC08210C48FEF7A6FCFB7819460A48FEF7A1FCBB781946CA
S32D0000F0280748FEF79CFC7B7819460548FEF797FCFF210348FEF793FC00BF0837BD4680BD00B00E4080B487B021
S32D0000F05000AFF860B9607A60FB681F4AA2FB03239B09BA6813447B61FB681B4AA2FB031292094FF47A7101FBD1
S32D0000F07802F29B1AFB60FB68DB03154AA2FB03239B097A6813443B613B69DB0B7A6913447B613B69C3F30E037F
S32D0000F0A03B610E4B1B687A699A4209D80B4B1B687A699A4206D1094B5B683A699A4201D9012300E00023002BF9
S32D0000F0C800D0EAE700BF1C37BD4680BC704700BFD34D621000D0034080B584B000AF7860074B1B68FB60064B9C
S32D0000F0F05B68BB607B68BA68F9681846FFF7A6FF00BF1037BD4680BD00D0034080B584B000AFC7E900010E4B3A
S32D0000F1181B68FB600C4B5B68BB604FF000020B4BD7E9000102F09CFF02460B461046194603F058FA0346BA68D3
S32D0000F140F9681846FFF782FF00BF1037BD4680BD00D0034000408F4080B582B000AF78600B46FB70FB78194687
S32D0000F168786800F005F87B6818460837BD4680BD80B483B000AF78600B46FB707B68FA781A707B681B781A468D
S32D0000F190534B9B5C042B00F29E8001A252F823F0B5F10000EFF1000029F2000063F200009DF200004B4A7B6880
S32D0000F1B81B7819464A4B53F8213040F2031142F82310484B5A697B681B781946444B53F8213003F01F030121C6
S32D0000F1E001FA03F3DB43414913404B6173E0404A7B681B7819463C4B53F8213040F2031142F823103B4B5A6998
S32D0000F2087B681B781946364B53F8213003F01F03012101FA03F3DB43344913404B6156E0334A7B681B7819469C
S32D0000F2302D4B53F8213040F2031142F823102F4B5A697B681B781946274B53F8213003F01F03012101FA03F3A1
S32D0000F258DB43284913404B6139E0274A7B681B7819461F4B53F8213040F2031142F82310224B5A697B681B783C
S32D0000F2801946194B53F8213003F01F03012101FA03F3DB431B4913404B611CE01A4A7B681B781946104B53F87D
S32D0000F2A8213040F2031142F82310164B5A697B681B7819460A4B53F8213003F01F03012101FA03F3DB430F49AC
S32D0000F2D013404B6100BF00BF0C37BD4680BC70479893010000900440DC93010000F00F4000A0044040F00F4048
S32D0000F2F800B0044080F00F4000C00440C0F00F4000D0044000F10F4080B584B000AF78600B46FB700B23FB7396
S32D0000F320FA7BFB781946786800F094F87B6818461037BD4680BD000080B485B000AF78607B68103B002B00DA31
S32D0000F3481F335B11FB60FB68022B53D0FB68022B75DCFB68002B03D0FB68012B25D06EE0394BD3F880217B68E4
S32D0000F370103B594203F01F0301F01F0158BF4B42012101FA03F332491343C1F88031304B1A687B68103B5942AB
S32D0000F39803F01F0301F01F0158BF4B42012101FA03F3294913430B6049E0274BD3F884217B68103B594203F070
S32D0000F3C01F0301F01F0158BF4B42012101FA03F31F491343C1F884311D4B5A687B68103B594203F01F0301F010
S32D0000F3E81F0158BF4B42012101FA03F3164913434B6024E0144BD3F888217B68103B594203F01F0301F01F01FA
S32D0000F41058BF4B42012101FA03F30D491343C1F888310B4B9A687B68103B594203F01F0301F01F0158BF4B420E
S32D0000F438012101FA03F3044913438B6000BF00BF1437BD4680BC704700E100E080B584B000AF78600B46FB70D9
S32D0000F4601346BB707B68FA781A70BB78FB737B681B781A46574B9B5C042B00F2A68001A252F823F099F4000037
S32D0000F488E5F4000031F50000C9F500007DF50000FB7B1B0403F470234D497A68127810464C4A52F8202043F459
S32D0000F4B0897343F0010341F82230494B5A697B681B781946454B53F8213003F01F03012101FA03F3DB43424947
S32D0000F4D813404B616720FFF72BFF72E0FB7B1B0403F470233D497A6812781046394A52F8202043F4897343F034
S32D0000F500010341F82230384B5A697B681B781946324B53F8213003F01F03012101FA03F3DB43314913404B615B
S32D0000F5286820FFF705FF4CE0FB7B1B0403F470232C497A6812781046264A52F8202043F4897343F0010341F814
S32D0000F5502230274B5A697B681B7819461F4B53F8213003F01F03012101FA03F3DB43204913404B616920FFF7FE
S32D0000F578DFFE26E0FB7B1B0403F470231B497A6812781046134A52F8202043F4897343F0010341F82230164B00
S32D0000F5A05A697B681B7819460C4B53F8213003F01F03012101FA03F3DB430F4913404B616B20FFF7B9FE00E0FD
S32D0000F5C800BF00BF1037BD4680BD00BF9893010000900440DC93010000F00F4000A0044040F00F4000B004404B
S32D0000F5F080F00F4000D0044000F10F40B0B48BB000AF224B3C1D1D460FCD0FC495E80F0084E80F0000237B62AD
S32D0000F6187B6A072B30DC1C4BD3F8A0207B6A9B0028333B4453F8243C012101FA03F31340002B14BF01230023FF
S32D0000F640DBB2002B18D0134A7B6A52F823305A1C10497B6A41F823200D4BD3F8A0207B6A9B0028333B4453F865
S32D0000F668243C012101FA03F307491340C1F8A0307B6A01337B62CBE700BF2C37BD46B0BC704700BFE0940100B1
S32D0000F69000A004406C190020B0B489B000AF224B3C1D1D460FCD0FC495E8030084E803000023FB61FB69052B9D
S32D0000F6B830DC1C4BD3F8A020FB699B0020333B4453F81C3C012101FA03F31340002B14BF01230023DBB2002B4F
S32D0000F6E018D0FB690833124A52F823200132104941F823200D4BD3F8A020FB699B0020333B4453F81C3C01210B
S32D0000F70801FA03F307491340C1F8A030FB690133FB61CBE700BF2437BD46B0BC704700BF0095010000B0044087
S32D0000F7306C190020B0B48DB000AF234B3C461D460FCD0FC40FCD0FC495E8070084E807000023FB62FB6A0A2BF4
S32D0000F75830DC1C4BD3F8A020FB6A9B0030333B4453F8303C012101FA03F31340002B14BF01230023DBB2002B89
S32D0000F78018D0FB6A0E33124A52F823200132104941F823200D4BD3F8A020FB6A9B0030333B4453F8303C01213E
S32D0000F7A801FA03F307491340C1F8A030FB6A0133FB62CBE700BF3437BD46B0BC704700BF1895010000900440DD
S32D0000F7D06C190020B0B487B000AF214B3C461D460FCD0FC42B68236000237B617B69042B30DC1C4BD3F8A020F6
S32D0000F7F87B699B0018333B4453F8183C012101FA03F31340002B14BF01230023DBB2002B18D07B691933124A24
S32D0000F82052F823200132104941F823200D4BD3F8A0207B699B0018333B4453F8183C012101FA03F307491340A4
S32D0000F848C1F8A0307B6901337B61CBE700BF1C37BD46B0BC704700BF4495010000D004406C19002080B483B072
S32D0000F87000AF78607B681B781A46044B53F8223018460C37BD4680BC704700BF6C19002080B483B000AF786038
S32D0000F8987B681B781946044B002243F8212000BF0C37BD4680BC70476C19002080B483B000AF78600B46FB7039
S32D0000F8C07B68FA781A707B6818460C37BD4680BC704700000000000080B586B000AF78607B681B781A463E4B70
S32D0000F8E853F822303B617B681B781A463B4B9B5CFB733B69DBB203F01F03DAB2384B1A723B69DBB203F01F03D1
S32D0000F910DAB2354B5A72354B1022C3F88820FB7B002B13D13049324800F05AFA304B1B6803F08003802B14BF2E
S32D0000F93801230023DBB2002B00D0F3E72A4B1B697B6112E02649294800F046FA274B1B6803F08003802B14BF38
S32D0000F96001230023DBB2002B00D0F3E7214B1B697B611E4BD3F888311C4A43F01003C2F888311A4B9B68194A2D
S32D0000F98843F0100393607B699BB2184602F0EEFA0DA3D3E9002302F063FB02460B46104619460BA3D3E90023F5
S32D0000F9B002F084FC02460B461046194602F036FE0346BB60BB6818461837BD4680BD00BFA4703D0AD7A30A40F1
S32D0000F9D800000000E0FFEF405C940100B89301004C19002000E100E000B0034000B00B4080B586B000AF786090
S32D0000FA007B681B781A46234B53F822303B617B681B781A46204B9B5CFB733B69DBB203F01F03DAB21D4B1A72EF
S32D0000FA283B69DBB203F01F03DAB21A4B5A72FB7B002B13D11749184800F0CEF9164B1B6803F08003802B14BFD9
S32D0000FA5001230023DBB2002B00D0F3E7104B1B697B6112E00D490F4800F0BAF90D4B1B6803F08003802B14BF13
S32D0000FA7801230023DBB2002B00D0F3E7074B1B697B617B6918461837BD4680BD5C940100B89301005C19002062
S32D0000FAA000B0034000B00B4098B500AF204B5C221A701F4B10225A701D4B41F234225A801B4B45F278629A8019
S32D0000FAC8194B10229A71184B0722DA71164B4FF4C022DA60144B1F221A72134B1F225A721149124800F078F92C
S32D0000FAF00F49114800F074F90F4800F0D2F80D4800F0CFF80A490C4800F06AF90849094800F066F9094A064B2E
S32D0000FB1814460FCB84E80F00064B5C221A70054B0422DA7100BF98BD4C19002000B0034000B00B405C190020DA
S32D0000FB4080B500AF064B1B680133054A136000F03DF8044B0122C3F80C2100BF80BD00BFF019002000700340D3
S32D0000FB6880B500AF0C4B01221A600C4800F01AF8094B0322C3F80821094BD3F88831084A43F01003C2F8883101
S32D0000FB90054B9B68044A43F01003936000BF80BD00700340A086010000E100E080B483B000AF7860044A7B68B7
S32D0000FBB8C2F8003100BF0C37BD4680BC704700BF0070034080B584B000AF174B1B68FB60FB68002B24D0FB688D
S32D0000FBE05B78FB71FB689B68184600F023F80346BB71BB79002B13D0FB685B68012B0FDDFB689B681B69BB60EF
S32D0000FC08BB68002B08D0BB685B685A1CBB685A60BB681B69BB60F3E7FB68DB68FB60D7E700BF1037BD4680BDCE
S32D0000FC30EC19002080B584B000AF78607868FFF7DBFEF8607B689B695B78FB72FB7A002B0FD17B68DB68FA685B
S32D0000FC589A420ADD7B689B6901225A707B685B685A1C7B685A60012313E0FB7A012B0FD17B689B68FA689A4272
S32D0000FC800ADA7B689B6900225A707B685B685A1C7B685A60012300E0002318461037BD4680BD80B485B000AFC2
S32D0000FCA878607B681B6A23F040027B681A627B685B6A23F00B027B685A627B685B6A43F007027B685A627B686D
S32D0000FCD05B6A43F080027B685A627B681B6803F08003002B0CBF01230023DBB2002B00D0F3E77B685B6A03F0D7
S32D0000FCF84003402B0CBF01230023DBB2002B01D0012364E00023FB817B68DB6CFB817B689B6C9AB2FB891344D7
S32D0000FD20FB817B685B6C9AB2FB891344FB817B681B6C9AB2FB891344FB817B68DB6B9AB2FB891344FB817B6830
S32D0000FD489B6B9AB2FB891344FB81FB895B08FB81FB896FEA43436FEA5343FB81FA897B68DA620023FB817B688F
S32D0000FD70DB6EFB817B689B6E9AB2FB891344FB817B685B6E9AB2FB891344FB817B681B6E9AB2FB891344FB81B3
S32D0000FD987B68DB6D9AB2FB891344FB817B689B6D9AB2FB891344FB81FB895B08FB81FB896FEA43436FEA53432C
S32D0000FDC0FB81FA897B681A637B685B6A23F080027B685A62002318461437BD4680BC704780B483B000AF78602A
S32D0000FDE839603B681B781A467B689A603B685B781A467B68DA603B685B881A467B689A613B689B881A467B6821
S32D0000FE10DA613B689B791A467B681A623B68DB791A467B685A623B68DA687B681A653B681B7A1A467B681A60E1
S32D0000FE383B685B7A1A467B685A6000BF0C37BD4680BC704780B483B000AF78607B6818460C37BD4680BC7047C7
S32D0000FE6080B582B000AF786039607B68012B07D13B684FF6FF72934202D10348FFF7E6FF00BF0837BD4680BDA1
S32D0000FE88F419002080B500AF4FF6FF710120FFF7E3FF80BD80B582B000AF7860B84B4FF48072DA60B74B4FF4AB
S32D0000FEB080729A64B54B4FF480721A64B34B4FF480725A64B14B4FF48072DA60B04B5B69AF4A43F0080353617B
S32D0000FED8AE4B5B69AD4A43F480235361AB4B5B69AA4A43F480335361A84B5B69A74A43F400335361A54B1B6835
S32D0000FF00A44A43F008031360A24B5B69A14A43F0080353619E4B1B689D4A43F0080313609A4B4FF480725A62CC
S32D0000FF28984B4FF480721A62954B4FF480721A61934B4FF480725A61914B4FF480729A618F4B4FF48072DA6163
S32D0000FF508D4B4FF480721A638B4B4FF480725A63894B4FF480729A63874B4FF48072DA63854B4FF480721A6464
S32D0000FF78834B4FF480725A64814B4FF480729A647F4B4FF48072DA64814B4FF480721A607F4B4FF480729A60EA
S32D0000FFA07D4B4FF48072DA607B4B4FF480721A61784B5B69774A43F440735361744B5B69734A43F47F2343F054
S32D0000FFC8F0035361734B5B69724A43F01D035361E221786800F078FD1D21786800F01AFE0221786800F016FEAA
S32D0000FFF00421786800F012FEE021786800F068FD0121786800F00AFE6420FFF769F8E021786800F05DFD032184
S32D00010018786800F0FFFD0121786800F055FD0120FFF75AF8E621786800F04EFD0121786800F0F0FDA02178689E
S32D0001004000F0ECFDFF21786800F0E8FDB021786800F03EFD1C21786800F0E0FD0F21786800F0DCFD0121786842
S32D0001006800F0D8FD3F21786800F0D4FD0021786800F0D0FDEF21786800F0CCFD0021786800F0C8FDB4217868D1
S32D0001009000F01EFD0121786800F0C0FD9921786800F0BCFD0021786800F0B8FD4521786800F0B4FD02217868B4
S32D000100B800F0B0FD0021786800F0ACFD0021786800F0A8FD0021786800F0A4FDB621786800F0FAFC012178681B
S32D000100E000F09CFD0921786800F098FD0021786800F094FD0E21786800F090FD0221786800F08CFD002178684E
S32D0001010800F088FD0021786800F084FDBA21786800F0DAFC0F21786800F07CFD6420FEF7DBFF3A21786800F069
S32D00010130CFFC6021786800F071FD2A21786800F0C7FC0021786800F069FD0021786800F065FD0121786800F09C
S32D0001015861FD3F21786800F05DFD2B21786800F0B3FC0021786800F055FD0021786800F051FD0021786800F052
S32D000101804DFDEF2178680BE000B0044000A0044080F00F4040F00F4000C00440C0F00F4000F03CFD36217868B2
S32D000101A800F092FC0021786800F034FDF021786800F08AFC0421786800F02CFDB821786800F082FC0F217868CC
S32D000101D000F024FD0121786800F020FD314B1B68304A43F0080313606420FEF779FF3621786800F06DFC002114
S32D000101F8786800F00FFDF021786800F065FC0421786800F007FD0121786800F0BCF91E226F21786800F082F800
S32D00010220AF225621786800F0DBF80021786800F00AFA012301221C49786800F02BFA2921786800F045FC64204F
S32D00010248FEF74AFFBE21786800F03EFC0E21786800F0E0FCF021786800F0DCFC0121786800F0D8FC0021786805
S32D0001027000F0D4FC0021786800F0D0FC0F21786800F0CCFC786800F028FA0121786800F0DAF90021786800F072
S32D00010298AFF900BF0837BD4680BD00BF40F00F405895010080B582B000AF78607B680022DA617B6801221A6275
S32D000102C07B680E225A607B681A229A607B6800225A617B6800229A617B684FF4A072DA607B68F0221A617B68A4
S32D000102E800221A70786801F0BDF87B6818460837BD4680BD80B582B000AF7860064B1B78002B05D1044B0122B0
S32D000103101A707868FFF7C2FD00BF0837BD4680BD3C1A002080B58AB002AFF860B9607A607E23009362237A68E5
S32D00010338B968F86800F0F6FD40F24E733B610023FB61FA693B699A4240DA0023BB61214AFB6913441B781A46CF
S32D00010360BB69934232DAFB6901331C4AD35C002B06D1FF23FB75FF23BB75FF237B7512E0FB690133154AD35C2C
S32D00010388012B06D1D423FB750023BB7526237B7505E0B523FB75BA23BB75B0237B757B7DBA7DF97DF86800F05E
S32D000103B0C9F80246FB68DA61F86801F057F8F86800F090FFBB690133BB61C4E7FB690233FB61BAE700BF20372D
S32D000103D8BD4680BD0400002080B58AB002AFF860B9607A602723009395237A68B968F86800F098FD40F2E6335F
S32D000104003B610023FB61FA693B699A4240DA0023BB61214AFB6913441B781A46BB69934232DAFB6901331C4A5A
S32D00010428D35C002B06D1FF23FB75FF23BB75FF237B7512E0FB690133154AD35C012B06D10023FB750023BB757D
S32D0001045000237B7505E0D423FB750023BB7526237B757B7DBA7DF97DF86800F06BF80246FB68DA61F86800F004
S32D00010478F9FFF86800F032FFBB690133BB61C4E7FB690233FB61BAE700BF2037BD4680BD5407002080B485B0ED
S32D000104A000AF78600B46FB70FB78062B29D801A252F823F0D9040100D1040100DF040100E7040100EF040100CD
S32D000104C8F5040100FD0401006FF07F43FB6014E00023FB6011E04FF47F03FB600DE04FF47F43FB6009E0FF23B2
S32D000104F0FB6006E04FF41903FB6002E0044BFB6000BFFB6818461437BD4680BC704700BF9999990080B584B0A2
S32D0001051800AF786039603B681B0CFB733B681B0ABB733B687B737B7BBA7BF97B786800F005F80346184610377B
S32D00010540BD4680BD80B487B000AF7860084611461A460346FB700B46BB7013467B70FB789B08DBB27B61BB782F
S32D000105689B08DBB23B617B789B08DBB2FB607B691A033B699B011A43FB68134318461C37BD4680BC704780B5E7
S32D0001059082B000AF78600B46FB70FB7819467868FFF77CFF03461946786800F004F800BF0837BD4680BD80B5BD
S32D000105B882B000AF7860396039687868FFF7A6FF02467B681A62786800F04CFF786800F0B9FB00BF0837BD465F
S32D000105E080BD80B582B000AF7860786800F0AEFB00BF0837BD4680BD80B582B000AF78600B46FB70FB7819468E
S32D000106087868FFF747FF03461946786800F004F800BF0837BD4680BD80B582B000AF7860396039687868FFF7F7
S32D0001063071FF02467B681A62786800F017FF00BF0837BD4680BD80B582B000AF78600B46FB70FB781946786804
S32D00010658FFF720FF03461946786800F004F800BF0837BD4680BD80B582B000AF7860396039687868FFF74AFF65
S32D0001068002467B68DA61786800F0F0FE00BF0837BD4680BD80B586B000AFF860B9607A603B6000237B617B6906
S32D000106A8BA6813441B78002B0FD07B69BA6813441B783A687968F86800F0CEFC7B680C337B607B6901337B618F
S32D000106D0E9E700BF1837BD4680BD80B582B000AF7860FDF71DF867210120FCF788FF00210220FCF784FFA02149
S32D000106F80320FCF780FF50210420FCF77CFF20210520FCF778FF20210620FCF774FF77210720FCF770FF00215C
S32D000107200820FCF76CFF00210920FCF768FF00210A20FCF764FF04210B20FCF760FF7B684FF0FF32DA637B68CA
S32D000107484FF0FF321A6400BF0837BD4680BD000080B586B000AFF860B9607A600020FCF76CFF0346FB75FB7D42
S32D0001077003F00203002B00F0CE80FCF77FFFE020FCF730FF0220FEF7ABFCFCF785FF0120FEF7A6FCFCF772FF15
S32D00010798A520FCF723FF0120FEF79EFCFCF745FF03469BB21B02BB82FCF73FFF03469AB2BB8A1343BB82FCF7F0
S32D000107C038FF03469BB21B027B82FCF732FF03469AB27B8A13437B82BB8A1B09BB827B8A1B097B82FCF758FFFC
S32D000107E8FB68DB6BB3F1FF3F34D1FB681B6CB3F1FF3F2FD1BA8AFB68DA637A8AFB681A647B8AC3F57F630F33DC
S32D000108107B82BB8A184601F0BDFB49A3D3E9002301F022FC02460B461046194601F0FEFE0246BB681A607B8A71
S32D00010838184601F0ABFB42A3D3E9002301F010FC02460B461046194601F0ECFE02467B681A605AE0FB68DA6B2B
S32D00010860BB8AD31A1946F86800F074F80346632B0CDCFB681A6C7B8AD31A1946F86800F069F80346632B01DCBE
S32D00010888012300E00023002B2FD0BA8AFB68DA637A8AFB681A647B8AC3F57F630F337B82BB8A184601F072FB48
S32D000108B023A3D3E9002301F0D7FB02460B461046194601F0B3FE0246BB681A607B8A184601F060FB1CA3D3E9B2
S32D000108D8002301F0C5FB02460B461046194601F0A1FE02467B681A600FE0BB68164A1A607B68154A1A60FB688F
S32D000109004FF0FF32DA63FB684FF0FF321A64002310E001230EE0BB680D4A1A607B680C4A1A60FB684FF0FF322B
S32D00010928DA63FB684FF0FF321A64002318461837BD4680BDAFF30080144001144001B43F1EE0011EE001AE3F58
S32D00010950000080BF80B483B000AF786039603B68002B02DA3B685B423B603B6818460C37BD4680BC704780B5BE
S32D0001097884B000AF786039600023FB60786800F0A4FAFB683A6813441B78002B12D07B6859697B689869FB6828
S32D000109A03A6813441B780246786800F03EFB786800F0A3FAFB680133FB60E6E700BF1037BD4680BD80B592B062
S32D000109C800AF786039604FF00001386802F03AF90346002B1FD0386802F048F903467B64786C01F029FF034637
S32D000109F01946386801F06EFE03461F49184601F073FF0346184602F035F903463B6407F10C003B6C7A6C194968
S32D00010A1803F0BAF922E03B6883F000433B60386802F024F903467B64786C01F005FF03461946386801F04AFEE2
S32D00010A4003460D49184601F04FFF0346184602F011F903463B6407F10C003B6C7A6C084903F096F907F10C0355
S32D00010A6819467868FFF783FF00BF4837BD4680BD00007A44749501006895010080B582B000AF786039607868FD
S32D00010A9000F01FFA39687868FFF76DFF786800F003FA00BF0837BD4680BD80B582B000AF78603960786800F0E9
S32D00010AB80CFA39687868FFF781FF786800F0F0F900BF0837BD4680BD80B483B000AF78600B46FB704D4B1B6856
S32D00010AE04C4A23F0080313604B4B1B684A4A23F480231360484B1B68474A43F480331360454B1B68444A23F42A
S32D00010B0840731360414B1B68404A23F4435323F0300313603E4B1A68FB785B0203F400733B4913430B603A4B8A
S32D00010B301A68FB785B101B0203F48073364913430B60344B1A68FB789B101B0103F01003304913430B602F4BFA
S32D00010B581A68FB78DB105B0103F020032B4913430B602A4B1A68FB781B119B0103F04003264913430B60254BDF
S32D00010B801A68FB785B11DB01DBB2224913430B60204B1A68FB789B111B0303F480531D4913430B601B4B1A684D
S32D00010BA897F90330DB115BB25B0303F40053174913430B60164B1B68154A23F400331360134B1B68124A43F425
S32D00010BD0003313600F4B1B680E4A43F0080313600D4B1B680C4A43F440731360094B1B68084A43F4435343F0B3
S32D00010BF830031360064B1B68054A43F48023136000BF0C37BD4680BC704700BF80F00F4040F00F4080B483B05C
S32D00010C2000AF78600B46FB70464B1B68454A23F008031360444B1B68434A43F480331360414B1B68404A43F462
S32D00010C48802313603E4B1B683D4A23F4407313603A4B1B68394A23F4435323F030031360374B1A68FB785B02D2
S32D00010C7003F40073344913430B60334B1A68FB785B101B0203F480732F4913430B602D4B1A68FB789B101B015B
S32D00010C9803F01003294913430B60284B1A68FB78DB105B0103F02003244913430B60234B1A68FB781B119B01D6
S32D00010CC003F040031F4913430B601E4B1A68FB785B11DB01DBB21B4913430B60194B1A68FB789B111B0303F434
S32D00010CE88053164913430B60144B1A6897F90330DB115BB25B0303F40053104913430B600F4B1B680E4A23F43F
S32D00010D10003313600C4B1B680B4A43F400331360084B1B68074A43F008031360064B1B68054A23F480231360DA
S32D00010D3800BF0C37BD4680BC704700BF80F00F4040F00F4080B586B000AF78607B6800225A617B6800229A61E5
S32D00010D607B681B6AFB60FB68FB72FB681B0ABB72FB681B0CDBB203F003037B722A217868FFF7A6FE0021786859
S32D00010D88FFF748FF00217868FFF744FF01217868FFF740FF3F217868FFF73CFF2B217868FFF792FE002178686A
S32D00010DB0FFF734FF00217868FFF730FF00217868FFF72CFFEF217868FFF728FF2C217868FFF77EFE314B1B68F8
S32D00010DD8304A23F4407313602F4B1B682E4A23F47F2323F0F00313602C4B1B682B4A23F01D031360274B1A6885
S32D00010E007B681B6B254913430B60254B1A687B685B6B234913430B60224B1A687B689B6B204913430B601E4BF8
S32D00010E281B681D4A23F0080313601A4B1B68194A43F48023136000237B617B69EF2B19D800233B613B69B3F58F
S32D00010E50A07F0FD2114B1B68104A23F4003313600E4B1B680D4A43F4003313603B6901333B61EBE77B6901330F
S32D00010E787B61E2E7084B1B68074A43F008031360044B1B68034A23F48023136000BF1837BD4680BD40F00F40B5
S32D00010EA080F00F40C0F00F4080B483B000AF78607B689B69002B07DD7B685B695A1C7B685A617B6800229A61C6
S32D00010EC800BF0C37BD4680BC704780B582B000AF78607B685A697B685B689A4205DB7B6800225A617868FFF777
S32D00010EF02DFF00BF0837BD4680BD80B582B000AF78607B689B695A1C7B689A617B689A697B689B689A4205D1C2
S32D00010F187868FFF7C5FF7868FFF7D7FF00BF0837BD4680BD80B588B000AFF860B9607A603B60FB681B78022B01
S32D00010F4003D0FB681B78032B11D17B68FB61BA6AFB691344013BBB61FB68DA68BB68D31A3B613B683A69D31AAF
S32D00010F6801337B610DE0BB68FB613A68FB691344013BBB617B687B61BA6A7B691344013B3B612A21F868FFF792
S32D00010F909FFDFB691B0ADBB203F00F03DBB21946F868FFF73BFEFB69DBB21946F868FFF735FEBB691B0ADBB251
S32D00010FB803F00F03DBB21946F868FFF72BFEBB69DBB21946F868FFF725FE2B21F868FFF77BFD7B691B0ADBB261
S32D00010FE003F00F03DBB21946F868FFF717FE7B69DBB21946F868FFF711FE3B691B0ADBB203F00F03DBB219460A
S32D00011008F868FFF707FE3B69DBB21946F868FFF701FE2C21F868FFF757FD00BF2037BD4680BD80B584B000AF14
S32D00011030F860B9607A60FB707A6813465B0013449B00991CBA6813461B011344DA1CFB78F86800F005F800BF3B
S32D000110581037BD4680BD000080B58EB002AFF860B9607A60FB70FB780A2B06D1F868FFF72CFFF868FFF714FF9F
S32D00011080F2E0FB787D2B02D8FB781F2B01D82023FB70FB78203BFB70112300930C237A68B968F868FFF742FF6D
S32D000110A8FA7813469B0013446F4AD35C3B75FA7813469B00134401336B4AD35C7B75FA7813469B00134402330D
S32D000110D0674AD35CBB75FA7813469B0013440333634AD35CFB75FA7813469B00134404335F4AD35C3B76002302
S32D000110F8BB62BB6A062B00F3A180F86800F050F9F86800F0B3F8002387F82F3000237B627B6A042B35DC07F190
S32D0001112014027B6A13441B7803F00103002B14BF01230023FB76FB7E002B11D097F82F3083F00103DBB2002B6C
S32D0001114803D0F86800F0CAF802E0F86800F08EF8F86800F08BF80DE097F82F30002B03D0F86800F01DF902E0E7
S32D00011170F86800F07FF8F86800F07CF8FB7E87F82F307B6A01337B62C6E797F82F30002B03D0F86800F008F98E
S32D0001119802E0F86800F06AF8F86800F067F8002387F82F3000233B623B6A042B42DC07F114023B6A13441B7895
S32D000111C003F00103002B14BF01230023BB76BB7E002B11D097F82F3083F00103DBB2002B03D0F86800F07EF898
S32D000111E802E0F86800F042F8F86800F03FF80DE097F82F30002B03D0F86800F0D1F802E0F86800F033F8F86836
S32D0001121000F030F8BB7E87F82F3007F114023B6A13441B785B08D9B207F114023B6A13440A461A703B6A013338
S32D000112383B62B9E7BB6A0133BB625AE7F86800F0AFF8002387F82F300123FB61FB69232B06DCF86800F00AF835
S32D00011260FB690133FB61F5E73037BD4680BD00BF3C0B002080B483B000AF7860174B1B68164A43F48033136032
S32D00011288154B1B68144A23F008031360114B1B68104A43F4802313600E4B1B680D4A23F4003313600B4B1B6816
S32D000112B00A4A43F400331360094B1B68084A43F008031360054B1B68044A23F48023136000BF0C37BD4680BC75
S32D000112D8704700BF40F00F4080F00F4080B483B000AF78602B4B1B682A4A43F480331360294B1B68284A23F0FF
S32D0001130008031360254B1B68244A43F480231360224B1B68214A23F440731360204B1B681F4A23F47F2323F0D7
S32D00011328F00313601D4B1B681C4A23F01D031360184B1A687B685B6A164913430B60164B1A687B689B6A144964
S32D0001135013430B60134B1A687B68DB6A114913430B600E4B1B680D4A23F4003313600B4B1B680A4A43F4003303
S32D000113781360094B1B68084A43F008031360054B1B68044A23F48023136000BF0C37BD4680BC704740F00F4034
S32D000113A080F00F40C0F00F4080B483B000AF78602B4B1B682A4A43F480331360294B1B68284A23F008031360AE
S32D000113C8254B1B68244A43F480231360224B1B68214A23F440731360204B1B681F4A23F47F2323F0F003136027
S32D000113F01D4B1B681C4A23F01D031360184B1A687B681B6B164913430B60164B1A687B685B6B144913430B60BF
S32D00011418134B1A687B689B6B114913430B600E4B1B680D4A23F4003313600B4B1B680A4A43F400331360094B73
S32D000114401B68084A43F008031360054B1B68044A23F48023136000BF0C37BD4680BC704740F00F4080F00F4073
S32D00011468C0F00F4080B485B000AF78607B681B6AFB60FB68FB72FB681B0ABB72FB681B0CDBB203F003037B7221
S32D000114907B6800225A627B6800229A627B680022DA627B6800221A637B6800225A637B6800229A637B681A6B7C
S32D000114B8FB7A5B0203F400731A437B681A637B681A6BFB7A5B101B0203F480731A437B681A637B685A6BFB7AE3
S32D000114E09B101B0103F010031A437B685A637B685A6BFB7ADB105B0103F020031A437B685A637B685A6BFB7A7F
S32D000115081B119B0103F040031A437B685A637B685A6BFB7A5B11DB01DBB21A437B685A637B685A6BFB7A9B1101
S32D000115301B0303F480531A437B685A637B685A6B97F90B30DB115BB25B0303F400531A437B685A637B685A6BEE
S32D00011558BB7A9B0303F480431A437B685A637B685A6BBB7A5B10DB039BB21A437B685A637B685A6BBB7A9B10E2
S32D000115801B0403F480331A437B685A637B685A6BBB7ADB105B0403F400331A437B685A637B685A6BBB7A1B111F
S32D000115A89B0403F480231A437B685A637B685A6BBB7A5B11DB0403F400231A437B685A637B689A6BBB7A9B11D6
S32D000115D003F001031A437B689A637B689A6B97F90A30DB115BB29B0003F004031A437B689A637B689A6B7B7A5E
S32D000115F8DB0003F008031A437B689A637B689A6B7B7A5B101B0103F010031A437B689A637B68DB69FB60FB6822
S32D00011620FB72FB681B0ABB72FB681B0CDBB203F003037B727B685A6AFB7A5B0203F400731A437B685A627B68BA
S32D000116485A6AFB7A5B101B0203F480731A437B685A627B689A6AFB7A9B101B0103F010031A437B689A627B6884
S32D000116709A6AFB7ADB105B0103F020031A437B689A627B689A6AFB7A1B119B0103F040031A437B689A627B68C0
S32D000116989A6AFB7A5B11DB01DBB21A437B689A627B689A6AFB7A9B111B0303F480531A437B689A627B689A6A86
S32D000116C097F90B30DB115BB25B0303F400531A437B689A627B689A6ABB7A9B0303F480431A437B689A627B68C0
S32D000116E89A6ABB7A5B10DB039BB21A437B689A627B689A6ABB7A9B101B0403F480331A437B689A627B689A6A15
S32D00011710BB7ADB105B0403F400331A437B689A627B689A6ABB7A1B119B0403F480231A437B689A627B689A6A21
S32D00011738BB7A5B11DB0403F400231A437B689A627B68DA6ABB7A9B1103F001031A437B68DA627B68DA6A97F97A
S32D000117600A30DB115BB29B0003F004031A437B68DA627B68DA6A7B7ADB0003F008031A437B68DA627B68DA6A7E
S32D000117887B7A5B101B0103F010031A437B68DA6200BF1437BD4680BC7047000080B582B000AF786039607B68CA
S32D000117B0012B07D13B684FF6FF72934202D10348FEF774FD00BF0837BD4680BDF819002080B500AF4FF6FF714C
S32D000117D80120FFF7E3FF80BD80B582B000AF7860164B03F580535B6B144A43F0400302F580525363124B4FF4D9
S32D0001180000725A62104B4FF400721A620F4B14225A700E4B1B7ADBB20C4A43F00103DBB213720A4B80229A708A
S32D0001182802212B20FBF770FE3D212A20FBF76CFE7B6818460837BD4680BD00BF0070044000C0044000600640E2
S32D0001185080B582B000AF786039607B68012B07D13B684FF6FF72934202D10348FFF7B8FF00BF0837BD4680BDC4
S32D00011878401A002080B500AF4FF6FF710120FFF7E3FF80BD0000000080B582B000AF78607B681846FEF71CF8C0
S32D000118A003460F49184601F01FF80346184600F083FB09A3D3E9002300F000FD02460B461046194600F0B2FE97
S32D000118C8034618460837BD4680BD00BFAFF300800000000000A0694000404A4480B582B000AF78600B46FB7029
S32D000118F07B68FA7811461846FDF7DCFF7B6818460837BD4680BD000080B582B000AF786039607B68012B08D1C1
S32D000119183B684FF6FF72934203D120210348FFF7DDFF00BF0837BD4680BD00BF441A002080B500AF4FF6FF712C
S32D000119400120FFF7E1FF80BD80B483B000AF78607B6800221A707B6818460C37BD4680BC7047000080B483B0E6
S32D0001196800AF78603960044A3B68136000BF0C37BD4680BC704700BF481A002080B582B000AF3248FBF7D2FF40
S32D000119900346FB71304AFB791370304B01221A702F4B1B78022B33D0022B4FDC002B02D0012B14D04AE0FB799A
S32D000119B8FF2B44D1284B01221A70284B00221A70264B1B785A1CD1B2244A11701946244AFB79535433E0214B2F
S32D000119E01B785A1CD1B21F4A117019461E4AFB7953541C4B1B780D2B27D11C4B1B68194A1278114618489847E9
S32D00011A08154B02221A701CE0FB79FF2B10D1124B01221A70114B00221A70104B1B785A1CD1B20E4A11701946F5
S32D00011A300D4AFB79535409E00A4B00221A70084B00221A7002E000BF00E000BF00BF0837BD4680BD00A00640C8
S32D00011A585F1A00205E1A00205D1A00205C1A00204C1A0020481A002080B582B000AF78607B681846FFF764FF71
S32D00011A807B6811491846FFF76DFF7B684FF0FF325A600E4B4FF000021A600D4B4FF000021A600C4B4FF000026E
S32D00011AA81A600B4B00221A600A4B00221A700A4B00221A707B6818460837BD4680BD00BFE51A01006C1A00207C
S32D00011AD0701A0020741A0020781A00207C1A00207D1A002080B582B000AF78600B46FB701D4B1B78002B32D09E
S32D00011AF87B6801331B781A067B6802331B781B041A437B6803331B781B0213437A680432127813431A46134BF9
S32D00011B201A607B685A79124B1A707B6806331B78AA2B0CBF01230023DAB20E4B1A700E4B01221A700B4B1B788B
S32D00011B48002B08D00B4800F049F80B4B1B680A4A23F40053136000BF0837BD4680BD00BF681A0020781A00208C
S32D00011B707C1A00207D1A00207E1A0020801A0020C0F00F4080B582B000AF786039607B68012B07D13B684FF612
S32D00011B98FF72934202D10348FFF766FF00BF0837BD4680BD601A002080B500AF4FF6FF710120FFF7E3FF80BDB8
S32D00011BC080B483B000AF7860054B00221A60044B00225A607B6818460C37BD4680BC7047801A002080B584B054
S32D00011BE800AF7860154B1B68002B21D00023FB60124B5B68FA689A4214DA114AFB6852F82330002B0AD00E4AC6
S32D00011C10FB6852F823301846FCF7D3F803461A460A4B1A70FB680133FB60E5E7054B00225A60044B00221A602C
S32D00011C38044B1B7818461037BD4680BD801A00208C1A0020881A002080B582B000AF786039607B68012B07D106
S32D00011C603B684FF6FF72934202D10348FFF7A8FF00BF0837BD4680BD801A002080B500AF4FF6FF710120FFF7C4
S32D00011C88E3FF80BD80B483B000AF78600A4B03F580531B6B084A43F0010302F580521363064B5B68054A43F01C
S32D00011CB03203536000BF0C37BD4680BC704700BF0070044000000A4038B5084C4FF41E652846E56001F09CF928
S32D00011CD8A06020B10023C0E90053606038BDE060606038BDF41A002081F0004102E000BF83F0004330B54FEAEE
S32D00011D0041044FEA430594EA050F08BF90EA020F1FBF54EA000C55EA020C7FEA645C7FEA655C00F0E2804FEAB7
S32D00011D285454D4EB5555B8BF6D420CDD2C4480EA020281EA030382EA000083EA010180EA020281EA0303362D00
S32D00011D5088BF30BD11F0004F4FEA01314FF4801C4CEA113102D0404261EB410113F0004F4FEA03334CEA1333FF
S32D00011D7802D0524263EB430394EA050F00F0A780A4F10104D5F1200E0DDB02FA0EFC22FA05F2801841F100013F
S32D00011DA003FA0EF2801843FA05F359410EE0A5F120050EF1200E012A03FA0EFC28BF4CF0020C43FA05F3C0186A
S32D00011DC851EBE37101F0004507D54FF0000EDCF1000C7EEB00006EEB0101B1F5801F1BD3B1F5001F0CD3490838
S32D00011DF05FEA30004FEA3C0C04F101044FEA445212F5800F80F09A80BCF1004F08BF5FEA500C50F1000041EB0C
S32D00011E18045141EA050130BD5FEA4C0C404141EB0101013C28BFB1F5801FE9D291F0000F04BF01460020B1FA4F
S32D00011E4081F308BF2033A3F10B03B3F120020CDA0C3208DD02F1140CC2F10C0201FA0CF021FA02F10CE002F1BC
S32D00011E681402D8BFC2F1200C01FA02F120FA0CFCDCBF41EA0C019040E41AA2BF01EB0451294330BD6FEA0404B2
S32D00011E901F3C1CDA0C340EDC04F11404C4F1200220FA04F001FA02F340EA030021FA04F345EA030130BDC4F1B2
S32D00011EB80C04C4F1200220FA02F001FA04F340EA0300294630BD21FA04F0294630BD94F0000F83F4801306BFC0
S32D00011EE081F480110134013D4EE77FEA645C18BF7FEA655C29D094EA050F08BF90EA020F05D054EA000C04BF3C
S32D00011F081946104630BD91EA030F1EBF0021002030BD5FEA545C05D14000494128BF41F0004130BD14F5800404
S32D00011F303CBF01F5801130BD01F0004545F0FE4141F470014FF0000030BD7FEA645C1ABF194610467FEA655CB6
S32D00011F581CBF0B46024650EA013406BF52EA033591EA030F41F4002130BD00BF90F0000F04BF0021704730B5A0
S32D00011F804FF4806404F132044FF000054FF0000150E700BF90F0000F04BF0021704730B54FF4806404F1320405
S32D00011FA810F0004548BF40424FF000013EE700BF42004FEAE2014FEA31014FEA02701FBF12F07F4393F07F4FB1
S32D00011FD081F06051704732F07F4208BF704793F07F4F04BF41F40021704730B54FF4607401F0004521F0004103
S32D00011FF81CE700BF50EA010208BF704730B54FF000050AE050EA010208BF704730B511F0004502D5404261EB9F
S32D0001202041014FF4806404F132045FEA915C3FF4D8AE4FF003025FEADC0C18BF03325FEADC0C18BF033202EB63
S32D00012048DC02C2F1200300FA03FC20FA02F001FA03FE40EA0E0021FA02F11444BDE600BF70B54FF0FF0C4CF405
S32D00012070E06C1CEA11541DBF1CEA135594EA0C0F95EA0C0F00F0DEF82C4481EA030621EA4C5123EA4C5350EAD5
S32D00012098013518BF52EA033541F4801143F4801338D0A0FB02CE4FF00005E1FB02E506F00042E0FB03E54FF054
S32D000120C00006E1FB03569CF0000F18BF4EF0010EA4F1FF04B6F5007F64F5407404D25FEA4E0E6D4146EB0606C2
S32D000120E842EAC62141EA55514FEAC52040EA5E504FEACE2EB4F1FD0C88BFBCF5E06F1ED8BEF1004F08BF5FEAC1
S32D00012110500E50F1000041EB045170BD06F0004646EA010140EA020081EA0301B4EB5C04C2BFD4EB0C0541EACF
S32D00012138045170BD41F480114FF0000E013C00F3AB8014F1360FDEBF002001F0004170BDC4F10004203C35DAFE
S32D000121600C341BDC04F11404C4F1200500FA05F320FA04F001FA05F240EA020001F0004221F0004110EBD37051
S32D0001218821FA04F642EB06015EEA430E08BF20EAD37070BDC4F10C04C4F1200500FA04F320FA05F001FA04F275
S32D000121B040EA020001F0004110EBD37041F100015EEA430E08BF20EAD37070BDC4F1200500FA05F24EEA020E44
S32D000121D820FA04F301FA05F243EA020321FA04F001F0004121FA04F220EA020000EBD3705EEA430E08BF20EAAD
S32D00012200D37070BD94F0000F0FD101F00046400041EB010111F4801F08BF013CF7D041EA060195F0000F18BF1B
S32D00012228704703F00046520043EB030313F4801F08BF013DF7D043EA0603704794EA0C0F0CEA135518BF95EA65
S32D000122500C0F0CD050EA410618BF52EA4306D1D181EA030101F000414FF0000070BD50EA410606BF10461946E1
S32D0001227852EA430619D094EA0C0F02D150EA013613D195EA0C0F05D152EA03361CBF104619460AD181EA030149
S32D000122A001F0004141F0FE4141F470014FF0000070BD41F0FE4141F4780170BD70B54FF0FF0C4CF4E06C1CEA0F
S32D000122C811541DBF1CEA135594EA0C0F95EA0C0F00F0A7F8A4EB050481EA030E52EA03354FEA013100F088808B
S32D000122F04FEA03334FF0805545EA131343EA12634FEA022245EA111545EA10654FEA00260EF000419D4208BFAB
S32D00012318964244F1FD0404F5407402D25B084FEA3202B61A65EB03055B084FEA32024FF480104FF4002CB6EB5C
S32D00012340020E75EB030E22BFB61A754640EA0C005B084FEA3202B6EB020E75EB030E22BFB61A754640EA5C0067
S32D000123685B084FEA3202B6EB020E75EB030E22BFB61A754640EA9C005B084FEA3202B6EB020E75EB030E22BF4F
S32D00012390B61A754640EADC0055EA060E18D04FEA051545EA16754FEA06164FEAC30343EA52734FEAC2025FEAB9
S32D000123B81C1CC0D111F4801F0BD141EA00014FF000004FF0004CB6E711F4801F04BF01430020B4F1FD0C88BF5A
S32D000123E0BCF5E06F3FF6AFAEB5EB030C04BFB6EB020C5FEA500C50F1000041EB045170BD0EF0004E4EEA1131C1
S32D0001240814EB5C04C2BFD4EB0C0541EA045170BD41F480114FF0000E013C90E645EA060E8DE60CEA135594EAF0
S32D000124300C0F08BF95EA0C0F3FF43BAF94EA0C0F0AD150EA01347FF434AF95EA0C0F7FF425AF104619462CE702
S32D0001245895EA0C0F06D152EA03353FF4FDAE1046194622E750EA410618BF52EA43067FF4C5AE50EA41047FF41F
S32D000124800DAF52EA43057FF4EBAE12E74FF0FF3C06E000BF4FF0010C02E000BF4FF0010C4DF804CD4FEA410CF4
S32D000124A87FEA6C5C4FEA430C18BF7FEA6C5C1BD001B050EA410C0CBF52EA430C91EA030F02BF90EA020F0020D2
S32D000124D0704710F1000F91EA030F58BF994208BF90422CBFD8176FEAE37040F0010070474FEA410C7FEA6C5CD9
S32D000124F802D150EA013C07D14FEA430C7FEA6C5CD6D152EA033CD3D05DF8040B704700BF8446104662468C46A1
S32D000125201946634600E000BF01B5FFF7B7FF002848BF10F1000F01BD4DF808EDFFF7F4FF0CBF012000205DF802
S32D0001254808FB00BF4DF808EDFFF7EAFF34BF012000205DF808FB00BF4DF808EDFFF7E0FF94BF012000205DF846
S32D0001257008FB00BF4DF808EDFFF7CEFF94BF012000205DF808FB00BF4DF808EDFFF7C4FF34BF012000205DF856
S32D0001259808FB00BF4FEA410212F5001215D211D56FF47873B3EB625212D94FEAC12343F0004343EA505311F001
S32D000125C0004F23FA02F018BF404270474FF00000704750EA013005D111F0004008BF6FF0004070474FF00000AA
S32D000125E8704700BF4A0011D212F5001211D20DD56FF47873B3EB62520ED44FEAC12343F0004343EA505323FA41
S32D0001261002F070474FF00000704750EA013002D14FF0FF3070474FF0000070474FEA4102B2F1E04324BFB3F5D6
S32D00012638001CDCF1FE5C0DD901F0004C4FEAC0024CEA5070B2F1004F40EB830008BF20F00100704711F0804F1D
S32D0001266021D113F13872BCBF01F00040704741F480114FEA5252C2F11802C2F1200C10FA0CF320FA02F018BF0D
S32D0001268840F001004FEAC1234FEAD32303FA0CFC40EA0C0023FA02F34FEA4303CCE77FEA625307D150EA0133C3
S32D000126B01EBF4FF0FE4040F44000704701F0004040F0FE4040F40000704700BF80F0004002E000BF81F000412A
S32D000126D842001FBF5FEA410392EA030F7FEA226C7FEA236C6AD04FEA1262D2EB1363C1BFD2184140484041409B
S32D00012700B8BF5B42192B88BF704710F0004F40F4000020F07F4018BF404211F0004F41F4000121F07F4118BF7B
S32D00012728494292EA030F3FD0A2F1010241FA03FC10EB0C00C3F1200301FA03F100F0004302D5494260EB40009D
S32D00012750B0F5000F13D3B0F1807F06D340084FEA310102F10102FE2A51D2B1F1004F40EBC25008BF20F001004D
S32D0001277840EA03007047490040EB0000013A28BFB0F5000FEDD2B0FA80FCACF1080CB2EB0C0200FA0CF0AABF64
S32D000127A000EBC25052421843BCBFD0401843704792F0000F81F4000106BF80F400000132013BB5E74FEA4103B9
S32D000127C87FEA226C18BF7FEA236C21D092EA030F04D092F0000F08BF0846704790EA010F1CBF0020704712F02E
S32D000127F07F4F04D1400028BF40F00040704712F100723CBF00F50000704700F0004343F0FE4040F4000070471E
S32D000128187FEA226216BF08467FEA23630146420206BF5FEA412390EA010F40F4800070474FF0000304E000BFBB
S32D0001284010F0004348BF40425FEA000C08BF704743F0964301464FF000001CE050EA010208BF70474FF000033F
S32D000128680AE000BF50EA010208BF704711F0004302D5404261EB41015FEA010C02BF84460146002043F0B6433E
S32D0001289008BFA3F18053A3F50003BCFA8CF2083AA3EBC25310DB01FA02FC634400FA02FCC2F12002BCF1004FE3
S32D000128B820FA02F243EB020008BF20F00100704702F1200201FA02FCC2F1200250EA4C0021FA02F243EB02007C
S32D000128E008BF20EADC7070474FF0FF0C1CEAD0521EBF1CEAD15392EA0C0F93EA0C0F6FD01A4480EA010C4002F7
S32D0001290818BF5FEA41211ED04FF0006343EA501043EA5111A0FB01310CF00040B1F5000F3EBF490041EAD371FF
S32D000129305B0040EA010062F17F02FD2A1DD8B3F1004F40EBC25008BF20F00100704790F0000F0CF0004C08BFA5
S32D0001295849024CEA502040EA51207F3AC2BFD2F1FF0340EAC250704740F400004FF00003013A5DDC12F1190FBD
S32D00012980DCBF00F000407047C2F10002410021FA02F1C2F1200200FA02FC5FEA310040F1000053EA4C0308BFD7
S32D000129A820EADC70704792F0000F00F0004C02BF400010F4000F013AF9D040EA0C0093F0000F01F0004C02BF48
S32D000129D0490011F4000F013BF9D041EA0C018FE70CEAD15392EA0C0F18BF93EA0C0F0AD030F0004C18BF31F06A
S32D000129F8004CD8D180EA010000F00040704790F0000F17BF90F0004F084691F0000F91F0004F14D092EA0C0F0C
S32D00012A2001D142020FD193EA0C0F03D14B0218BF084608D180EA010000F0004040F0FE4040F40000704740F0B6
S32D00012A48FE4040F4400070474FF0FF0C1CEAD0521EBF1CEAD15392EA0C0F93EA0C0F69D0A2EB030280EA010C0C
S32D00012A7049024FEA402037D04FF0805343EA111143EA10130CF000408B4238BF5B0042F17D024FF4000C8B4272
S32D00012A9824BF5B1A40EA0C00B3EB510F24BFA3EB510340EA5C00B3EB910F24BFA3EB910340EA9C00B3EBD10FB1
S32D00012AC024BFA3EBD10340EADC001B0118BF5FEA1C1CE0D1FD2A3FF650AF8B4240EBC25008BF20F00100704783
S32D00012AE80CF0004C4CEA50207F32C2BFD2F1FF0340EAC250704740F400004FF00003013A37E792F0000F00F097
S32D00012B10004C02BF400010F4000F013AF9D040EA0C0093F0000F01F0004C02BF490011F4000F013BF9D041EADF
S32D00012B380C0195E70CEAD15392EA0C0F08D142027FF47DAF93EA0C0F7FF470AF084676E793EA0C0F04D14B02E9
S32D00012B603FF44CAF08466EE730F0004C18BF31F0004CCAD130F000427FF45CAF31F000437FF43CAF5FE700BF83
S32D00012B884FF0FF3C06E000BF4FF0010C02E000BF4FF0010C4DF804CD4FEA40024FEA41037FEA226C18BF7FEA81
S32D00012BB0236C11D001B052EA530C18BF90EA010F58BFB2EB030088BFC81738BF6FEAE17018BF40F0010070479C
S32D00012BD87FEA226C02D15FEA402C05D17FEA236CE4D15FEA412CE1D05DF8040B704700BF844608466146FFE7E6
S32D00012C000FB5FFF7C9FF002848BF10F1000F0FBD4DF808EDFFF7F4FF0CBF012000205DF808FB00BF4DF808ED98
S32D00012C28FFF7EAFF34BF012000205DF808FB00BF4DF808EDFFF7E0FF94BF012000205DF808FB00BF4DF808ED5F
S32D00012C50FFF7D2FF94BF012000205DF808FB00BF4DF808EDFFF7C8FF34BF012000205DF808FB00BF4FEA400226
S32D00012C78B2F1FE4F0FD34FF09E03B3EB12620DD94FEA002343F0004310F0004F23FA02F018BF404270474FF004
S32D00012CA00000704712F1610F01D1420205D110F0004008BF6FF0004070474FF00000704708B5062001F01EF8B2
S32D00012CC8012006F0BDFA00BF9368002B00F081802DE9F04FB1F90C300C461907804683B0174698B223D5236968
S32D00012CF00BB310F002033D682BD04FF0000ADFF8B4B256465E453346524628BF5B464046002E4FD0E169D4F80B
S32D00012D1824C0E047002852DDBB681B1A8244361ABB60002BEAD1002003B0BDE8F08F2146404602F05BFE002864
S32D00012D4040F03481B4F90C303D6898B210F00203D3D110F0010942D14E463EB38205D4F808B040F18180B34527
S32D00012D685A4600F2B18010F4906F40F0BE8020680192494600F0EAFCA3682168019AA3EB0B030A44B246A36074
S32D00012D9022600026B868A0EB0A00D144B8600028C5D0B4F90C0080B2002ED7D1D5E900960835D2E7D5E900A65E
S32D00012DB80835A3E72146404603F018FF80B3B4F90C3043F040034FF0FF30A38103B0BDE8F08F002070471E46F8
S32D00012DE0AA46994618461D4656B388B34A46D4E904132068B24228BF3246884205D9A16803EB010B5A4500F374
S32D00012E08A780934264DCE169D4F824C02A464046E047B0F1000BD2DDB9EB0B09CAD00120BB68A3EB0B035D441A
S32D00012E30A6EB0B06BB60002B3FF479AF002ED4D10AF1080353E902569A460833002EF9D032460A21284600F0B0
S32D00012E5893FB002800F09D800130A0EB0509C1E720682369984217D86369B34214D86FF00042B24228BF324698
S32D00012E80E16992FBF3F2D4F824C002FB03F340464A46E047B0F1000A95DDA6EB0A0679E7B345DA4628BFB24672
S32D00012EA85246494600F052FCA3682268A3EB0A035244A3602260002BEBD12146404603F095FE0028E5D07AE7B3
S32D00012ED02068B34632464FE72946019200F03AFC019AA3689B1AA360236813442360934696E723682169A3EBC0
S32D00012EF8010B636903EB430A0AEBDA7A0BF101034FEA6A0A33445345524684BF9A46524643052CD5114640461A
S32D00012F2000F07EF800283BD05A462169019000F077FBA289019B22F4906242F08002A28103EB0B002361AAEB14
S32D00012F480B03C4F814A0A3602060B34632460FE729465A4600F0FAFB23685B4423602146404603F043FE002808
S32D00012F703FF456AF27E7404600F0C6FC03460028DED12169404603F061FFB4F90C300C2223F08003C8F80020A4
S32D00012F9817E7721C914626E70C22B4F90C30C8F800200EE74FF0FF30BEE600BF00FCFF7F70B50D4E0D4D761BF8
S32D00012FC0B61006D0002455F8043B01349847A642F9D1094E094D761B06F0B2FCB61006D0002455F8043B01346D
S32D00012FE89847A642F9D170BD4C9901004C990100789901004C990100704700BF704700BF704700BF704700BF60
S32D00013010024B0146186800F003B800BF1C0D00202DE9F04F01F10B06162E83B0044624D8102900F2BA8000F060
S32D000130385BFC102618220220B54F3A44A2F1080153688B4200F0BA805A68D96822F003021A449D68E9608D60FD
S32D00013060516841F001012046516003F1080500F045FC284603B0BDE8F08F36F0070600F19480B14200F2918099
S32D0001308800F032FCB6F5FC7FC0F09A81730A00F08F80042B00F26F81B30903F1390003F1380CC3009A4F3B4431
S32D000130B0A3F108055B689D4206D10CE0002980F22781DB689D4206D05A6822F00302911B0F29F3DD60463D69D7
S32D000130D8DFF840C265457CD06A6822F00302931B0F2B00F37B81002BC7E904CC80F26C81B2F5007F80F01A81FF
S32D00013100D308796801334FEA521E012202FA0EF20A4357F833E0C5F808E007EBC3010839E9607A6047F83350B8
S32D00013128CEF80C50831001219940914257D8114206D120F003004900114200F10400FAD007EBC0094D46864614
S32D00013150D5F80C80454508D11DE1002B80F22481D8F80C80454500F01681D8F8042022F00302931B0F2BF0DD27
S32D000131782046D8E9025408EB060146F00106C8F80460EC60A56043F00104C7E90411C1E902CC4C6048F802306C
S32D000131A000F0ACFB08F1080502E00C2323600025284603B0BDE8F08F4FF4007340204FF03F0C73E7D3689A4254
S32D000131C808BF02307FF440AF3D69DFF848C1654582D17A688310012199409142A7D9BD686B6823F003094E458D
S32D000131F003D8A9EB06030F2B7ADCDFF824B1494BDBF800201B680132334405EB090A00F0338103F580530F3394
S32D0001321823F47F6828F00F084146204600F05CFD411C024600F0F380824500F2EE803C4B1968414419600846A1
S32D0001324000F04E81DBF80010019301311BBFA2EB0A0A5044CBF80020186012F0070B00F01781CBF108010A44DE
S32D00013268CBF5805190440831A1EB0801C1F30B0A51462046009200F02FFD421CDDE9002300F04F81801A00EB04
S32D000132900A081968BA6048F001005144BD425060196000F02981B9F10F0F40F227816868A9F10C0C2CF0070C7F
S32D000132B800F0010040EA0C0068604FF0050E05EB0C00BCF10F0FC0E901EE00F2328150681546144B1A688A42E2
S32D000132E038BF1960124B1A688A4238BF196094E0AA1943F0010346F001066E602046BA60536000F0FBFA083566
S32D00013308284603B0BDE8F08FD9681A44A1E600BF481100205011002050150020441B0020141B00203C1B0020A8
S32D00013330401B0020B2F5206F4FEA522363D3142B00F2B78003F15C01C9005B3307EB010E7958AEF1080E8E456F
S32D0001335800F091804B6823F00303934202D989688E45F7D1D1F80CE07A68C5E9021ECEF80850CD60D6E6142B92
S32D0001338059D9542B00F29D80330B03F16F0003F16E0CC3008AE60EF1010E1EF0030F05F108057FF4D5AE51E0C4
S32D000133A8424445465368D8F80C1043F00103536055F8083F2046D9608B6000F09BFAF3E6F00806F1080237E6C2
S32D000133D02A442046536843F001035360083500F08DFAE5E6A919204646F0010643F001046E60C7E90411C1E9FC
S32D000133F802CC4C60AB5000F07DFA0835D4E6930903F13901C90038339CE7BD425FD0BD68686820F00308464589
S32D00013420A8EB060302D80F2B3FF762AF204600F065FA0025BCE603F15C0003F15B0CC30034E659F808394B4560
S32D0001344840F0968010F0030F00F1FF30F5D17B6823EA01037B60490099423FF6C0AE19B9BDE649000EF1040EB2
S32D000134701942FAD0704667E603F11008D0E69A104FF001087B6808FA02F21A437A6070E702EB08014942C1F3B5
S32D000134980B0A51462046009200F01EFC431CDDE900237FF4EFAEDA46EFE6542B25D8130B03F16F01C9006E33A2
S32D000134C044E7B3F5AA7F25D8F30B03F1780003F1770CC300EAE5294B186840441860B1E6CAF30B0CBCF1000F5A
S32D000134E87FF4ACAEBD68C84448F001006860F0E61546EEE60123536094E7B3F5AA7F23D8D30B03F17801C9007F
S32D0001351077331BE740F25452934223D8B30C03F17D0003F17C0CC300C0E5ABF1080BD844A8EB02084FF0000A73
S32D00013538ABE605F108012046009303F083FCBD68009B68681968C4E640F254518B420BD8930C03F17D01C9004D
S32D000135607C33F3E64FF47E737F204FF07E0C9DE54FF47E717E23E9E67B6870E7141B002001F0FF01102A2BDB3A
S32D0001358810F0070F08D010F8013B013A8B422DD010F0070F42B3F6D1F0B441EA012141EA014122F007047FF021
S32D000135B000070023F0E80256083C85EA010586EA010685FA47F5A3FA87F586FA47F6A5FA87F68EB9EED1F0BC03
S32D000135D801F0FF0102F0070232B110F8013B013A83EA010313B1F8D10020704701387047002D06BF3546033809
S32D00013600073815F0010F07D1013015F4807F02BF013015F4C03F0130F0BC0138704700BF844641EA000313F0B5
S32D0001362803036DD1403A41D351F8043B40F8043B51F8043B40F8043B51F8043B40F8043B51F8043B40F8043BA5
S32D0001365051F8043B40F8043B51F8043B40F8043B51F8043B40F8043B51F8043B40F8043B51F8043B40F8043B50
S32D0001367851F8043B40F8043B51F8043B40F8043B51F8043B40F8043B51F8043B40F8043B51F8043B40F8043B28
S32D000136A051F8043B40F8043B51F8043B40F8043B403ABDD2303211D351F8043B40F8043B51F8043B40F8043BB0
S32D000136C851F8043B40F8043B51F8043B40F8043B103AEDD20C3205D351F8043B40F8043B043AF9D2043208D0A0
S32D000136F0D2071CBF11F8013B00F8013B01D30B8803806046704700BF082A13D38B078DD010F003038AD0C3F15D
S32D000137180403D21ADB071CBF11F8013B00F8013B80D331F8023B20F8023B7BE7043AD9D3013A11F8013B00F887
S32D00013740013BF9D20B7803704B7843708B7883706046704788420DD98B1883420AD900EB020CBAB1624613F882
S32D0001376801CD02F801CD9942F9D170470F2A0ED8034602F1FF3C4AB10CF1010C013B8C4411F8012B03F8012F39
S32D000137906145F9D1704740EA01039B0750D1A2F1100370B501F1200C23F00F0501F1100E00F11004AC441B09B9
S32D000137B85EF8105C44F8105C5EF80C5C44F80C5C5EF8085C44F8085C5EF8045C44F8045C0EF1100EE64504F12D
S32D000137E01004E9D1013312F00C0F01EB031102F00F0400EB031327D0043C24F003064FEA940C1E441C1F8E46F7
S32D000138085EF8045B44F8045FB442F9D10CF1010402F0030203EB840301EB840102F1FF3C4AB10CF1010C013B2F
S32D000138308C4411F8012B03F8012F6145F9D170BD02F1FF3C03469BE72246EBE7830730B548D0541E002A3FD037
S32D00013858CAB2034601E0013C3AD303F8012B9D07F9D1032C2DD9CDB245EA05250F2C45EA054536D9A4F1100245
S32D0001388022F00F0C03F1200EE6444FEA121C03F1100242E9045542E9025510327245F8D10CF1010214F00C0F4C
S32D000138A803EB021204F00F0C13D0ACF1040323F003030433134442F8045B9342FBD10CF003042CB1CAB21C44BC
S32D000138D003F8012B9C42FBD130BD64461346002CF4D1F9E703461446BFE71A46A446E0E70148FFF789BB00BF9B
S32D000138F8081B00200148FFF785BB00BF081B00202DE9F84F1746002900F0988007F10B0580460C46FFF7E8FFF5
S32D00013920162D5DD810252A46AF425ED854F8041C21F003069642A4F1080962DABC4BD3F808C009EB0600844597
S32D0001394800F09780D0F804C02CF0010303445B68DB0768D42CF0030C06EB0C03934247DACB0710D454F8083C0E
S32D00013970A9EB030ADAF8043023F003018C44B444944580F211817318934280F2E88039464046FFF745FB074603
S32D00013998E0B154F8043C23F001034B44A0F10802934200F0D280321F242A00F2F580132A00F2AC800346224679
S32D000139C0116819605168596092689A602146404603F03CFA4046FFF791FF3846BDE8F88F25F00705002D2A46F6
S32D000139E89EDA0C23C8F8003000273846BDE8F88F1E46D0E90223D3609A60731B0F2B22D8D9F8043003F001031B
S32D00013A1033434E44C9F80430736843F00103736040462746FFF76AFF3846BDE8F88FC907ADD454F8083CA9EB34
S32D00013A38030ADAF8041021F00301A0E7BDE8F84F1146FFF7E9BAD9F8041001F001012943C9F8041009EB0501E1
S32D00013A604E4443F001034B60736843F0010308317360404603F0EAF9D2E7DCF8040020F0030B06EB0B0C05F19C
S32D00013A88100084454DDAC9073FF57DAF54F8081CA9EB010ADAF8041021F003018B44B34458453FF76CAF574684
S32D00013AB0DAF80C1057F8080F321F242AC160886000F2DB80132A40F2D6802168CAF808106168CAF80C101B2A8A
S32D00013AD800F2DF8008340AF110022168116061685160A16891600AEB0501ABEB050242F0010299604A60DAF875
S32D00013B00043003F001031D434046CAF80450FFF7F5FE6EE723680360636843601B2A68D804F1080200F1080355
S32D00013B284AE709EB05029A60ACEB050343F00103536054F8043C03F001031D43404644F8045CFFF7D7FE274682
S32D00013B504FE750F8043C23F003031E4451E75746DAF80C1057F8080F321F242AC16088604CD8132A48D9216831
S32D00013B78CAF808106168CAF80C101B2A56D808340AF110021E462368136063685360A3689360D1463C4630E753
S32D00013BA02146FFF7D7FD11E7D0E902135746CB60996057F8081FDAF80C30CB60321F242A99602DD8132A29D9B3
S32D00013BC82368CAF808306368CAF80C301B2A42D808340AF1100322681A6062685A60A2689A606646D1463C4606
S32D00013BF007E7A3688360E368C360242A26D004F1100200F11003DBE63A46BFE7214638461E46D146FFF79EFD35
S32D00013C183C46F2E63B46DEE7214638466646D146FFF794FD3C46E8E648110020A168CAF81010E168CAF81410CB
S32D00013C40242A20D010340AF118029FE7236903616169416104F1180200F11803B0E6A368CAF81030E368CAF811
S32D00013C681430242A21D010340AF11803B3E73A4633E721463846FFF769FD164B33E72269CAF818206269CAF84E
S32D00013C901C2018340AF1200278E7A168CAF81010E168CAF81410242A0DD010340AF1180217E72369CAF81830CF
S32D00013CB86369CAF81C3018340AF120038BE72269CAF818206269CAF81C2018340AF1200203E700BF481100204E
S32D00013CE038B5074D0022044608462A6005F096FA431C00D038BD2B68002BFBD0236038BD481B002038B5154BB6
S32D00013D081F281D6820D8D5F8DC22044662B152F820304BB1012B15D0591C0FD0002542F820509847284638BD94
S32D00013D30284600F02BF8224601462846BDE8384000F00EB816232B60012038BD002038BD16232B604FF0FF30D2
S32D00013D5838BD00BF1C0D002070B50C46084D03460026204611461C462E6005F03BFA431C00D070BD2B68002B13
S32D00013D80FBD0236070BD00BF481B002005F01EBA0EB410B59DB06FF000411FABCDE906010491094953F8042B2E
S32D00013DA80290084C0868019302A9059400F092F8029B00221A701DB0BDE8104003B070471C0D00200802FFFF7E
S32D00013DD000000000000000000000000000000000000000000000000000000000000000000000000000000000C4
S32D00013DF8000000000000000090F800F06DE9024520F007016FF0000C10F0070491F820F040F049804FF0000424
S32D00013E206FF00700D1E9002391F840F000F1080082FA4CF2A4FA8CF283FA4CF3A2FA8CF34BBBD1E9022382FA70
S32D00013E484CF200F10800A4FA8CF283FA4CF3A2FA8CF3E3B9D1E9042382FA4CF200F10800A4FA8CF283FA4CF319
S32D00013E70A2FA8CF37BB9D1E9062301F1200182FA4CF200F10800A4FA8CF283FA4CF3A2FA8CF3002BC6D0002A4D
S32D00013E9804BF04301A4612BAB2FA82F2FDE8024500EBD2007047D1E9002304F00305C4F100004FEAC50514F083
S32D00013EC0040F91F840F00CFA05F562EA05021CBF63EA050362464FF00004A9E72DE9F04FD5B00C460C91914669
S32D00013EE80E930A9003F0D8F8036817931846FFF783FFA3891690190603D52369002B00F08B8700242BAB4D46B3
S32D00013F10CDE92944CDE91944CDE91B441294289398461894002308940024CDE914342B78002B00F0DD81AA465F
S32D00013F3804E01AF8013F002B00F01681252BF8D1BAEB050640F014819AF80030002B00F0CB8100234FF0FF3228
S32D00013F609AF801608DF8833009930AF1010A07921F462B244FF020090AF1010AA6F120035A2B00F22D81DFE804
S32D00013F8813F0BA022B012B01B5022B012B012B016A002B012B014F02E3022B015A02C9022B01C4025B005B00C5
S32D00013FB05B005B005B005B005B005B005B002B012B012B012B012B012B012B01BF012B011A028600BF01BF0123
S32D00013FD8BF012B012B012B012B01B0022B012B01C3002B012B012B0124022B015F022B012B013C072B012B0153
S32D000140002B012B012B012B012B012B01BF012B011A028800BF01BF01BF01A302880081002B0196022B01820297
S32D00014028C500700281002B0124027E0039072B012B0119072B017E00A6F1300300221AF8016B02EB820203EBB6
S32D000140504202A6F13003092BF5D909928EE7DDF828B0584603F01CF843681B931846FFF7C7FE1C9006465846C7
S32D0001407803F012F883681993002E40F07A869AF8006075E79AF8006047F0200770E747F01007BA060E9B40F14A
S32D000140A08081073323F007031A465B6852F8084B0E929946002BC0F25F85079B013301F01F8054EA090327F0D2
S32D000140C8800B00F0E3840A2C79F1000380F08187303401238DF84F415F460B930DF24F1507990B989DF883200E
S32D000140F081424FF00003B8BF01460D9306910F9313931093002A7CD0069B0133069378E047F0100717F0200902
S32D0001411800F034810E9B073323F00703D3F8049053F8084B0E9327F4806B002300228DF88320079A511C00F0C4
S32D000141400D8254EA09012BF0800740F00682002A41F01080002B40F0A2841BF001030B9300F0378530238DF882
S32D000141684F310DF24F15BBE7BAEB050600F0BC802A9B33442A93299B0133072BC8E90056299305DC08F10808F7
S32D00014190089B33440893DBE60C990A9828AA03F04DFC80B90DF1AC08F2E70C990A9828AA03F044FC002800F00D
S32D000141B88C800D9B1BB10D990A9802F043FE0C9B9B8913F0400F089B18BF4FF0FF330893089855B0BDE8F08F71
S32D000141E0002E00F0858000228DF8EC608DF88320012306930D920B9307920F92139210923BAD17F0020302D031
S32D0001420806990231069117F0840B07D109990698A1EB0009B9F1000F00F315832A9C8AB1299A0DF1830101321E
S32D000142300134C8F80010072A4FF001012A942992C8F8041000F3468308F1080883B1299B21AA01330234C8F8E9
S32D000142580020072B4FF002022A942993C8F8042000F3488308F10808BBF1800F00F00E82079B0B9AA3EB020BE0
S32D00014280BBF1000F00F34F82FB0500F1A5810B9BC8F804301C44299BC8F800500133072B2A94299300F3C7828F
S32D000142A808F108087B0705D5099B069A9D1A002D00F32C83DDE9083206998A42ACBF9B185B180893002C7FF482
S32D000142D06CAF002329930D9B1BB10D990A9802F0B5FD0DF1AC0855462B78002B7FF423AE2A9B002B3FF467AFCD
S32D000142F80C9C0A9828AA214603F09CFBA38960E70E9B073323F00702F2E80234CDE91434DDE9143424F00044A4
S32D000143200E92994618462146A74B4FF0FF3204F0A5FD002840F06284A34B484621464FF0FF32FEF70DF900287E
S32D0001434840F05884DDE9140100220023FEF7FAF8002840F0AD879DF883209A4D9A4B27F080070321472EC8BFE5
S32D000143701D4600230D9306910B9107930F9313931093BFE617F0100340F02E8417F0400200F054870E9A52F899
S32D00014398044B0E929946A4B2C5E653F8044B0E93FB0600F118847D0640F1128444F3C0394B4624B27AE60E9B74
S32D000143C0002253F8041B8DF883208DF8EC100E930EE70E9C079B54F8045B4FF000098DF88390002D00F0D586B4
S32D000143E85A1C00F052851A4649462846FFF7C4F80D90002801F057800D9BCDF81C905B1B0B930E9423EAE3739B
S32D000144109DF883200693CDF83490CDF83C90CDF84C90CDF840906DE60E9B53F8042B0992002A80F2C983099AC0
S32D000144380E93524209929AF8006047F0040797E547F0100B1BF0200900F081830E9B073323F00703D3F80490FC
S32D0001446053F8084B0E93012364E60E9B53F8044B0E93302378268DF88430564B189347F0020B8DF885604FF039
S32D000144880009022352E6BD0600F18284FC0600F17386780600F13C87B90540F16D860E9B089953F8042B0E9380
S32D000144B01170554618E79AF800606C2E03BF9AF8016047F020070AF1010A47F0100753E59AF80060682E03BF4D
S32D000144D89AF8016047F400770AF1010A47F0400746E59AF8006047F0080741E59AF8006047F001073CE59DF81C
S32D000145008330002B7FF4BFAD9AF800608DF8839032E59AF8006047F080072DE5524612F8016B2A2E01F0CD81C7
S32D00014528A6F13003092B924698BF002201F288801AF8016B02EB820203EB4202A6F13003092BF5D9079215E59A
S32D000145509AF800608DF883400EE5BB46012B3FF4B6AD022B54AD12D1189A04F00F032409D35C05F8013D44EABE
S32D0001457809744FEA191954EA0903F2D154AB5B1B5F460B93ACE504F00703E40844EA49744FEAD909303354EA45
S32D000145A009012A4605F8013DF1D11BF0010FE9D0302BE7D03023023A05F8013C54AB9B1A5F460B9315468FE500
S32D000145C8FFFFEF7F9095010094950100A0950100652E40F3E680DDE9140100220023FDF7A7FF002800F0CD8186
S32D000145F0299BBF4AC8F80020013301340122072B2A942993C8F8042000F37D8508F10808229B129A934280F225
S32D00014618D382169B179A1C44C8E90023299B2A940133072B299300F3EB8308F10808129B5D1E002D7FF736AECB
S32D00014640102D299BDFF8AC9240F36E8549462246B946DDF828B00C9C10260F4605E008F10808103D102D40F38E
S32D000146685B8501331032072BC8E90076CDE92932F1DD28AA2146584603F0DCF900287FF498ADDDE929320DF1F7
S32D00014690AC08E6E7099B069AA3EB020BBBF1000F7FF7EAADBBF1100F299ADFF848922CDD1D9621464E460C9C35
S32D000146B8DDF82890102306E0ABF1100BBBF1100F08F108081ADD01321031072AC8E90063CDE92921F0DD28AA53
S32D000146E0214648460DF1AC0803F0A8F900287FF464ADABF1100BBBF1100FDDE929214FF01003E4DCB1461D9E6E
S32D000147080C4601325C44072ACDE92924C8F80090C8F804B000F31D8508F10808A8E5BBF1100F299ADFF8C49180
S32D000147302DDD41462046A8464C460C9DDDF82890102306E0ABF1100BBBF1100F01F1080119DD01321030072A7D
S32D00014758C1E90043CDE92920F0DD28AA2946484603F068F900287FF424ADABF1100BBBF1100FDDE929202BA985
S32D000147804FF01003E5DC4546A1468846044601325C44072ACDE92924C8F80090C8F804B000F3CC8108F1080859
S32D000147A86EE5129B012B40F37C81299EC8F80050013601340123072E2A942996C8F8043000F3E08108F108081C
S32D000147D0169B179A01361C44072EC8E90023CDE9296400F3E08108F10808DDE9140100220023FDF7A1FE00283D
S32D000147F840F07481129B0136013B01351C44072EC8F800502996C8F804302A9400F3598108F108081A9BC8F8B6
S32D00014820043001361C44072E24ABCDE92964C8F800307FF739AD0C990A9828AA03F0FEF800287FF4BAAC2A9C42
S32D000148480DF1AC082EE5B9F1100FDDE929212BDDCDE91D3B1F96DDF828B04E461024A9460C9D04E0103E102E5B
S32D0001487008F1080817DD01321F4B1031072AC8E90034CDE92921F1DD28AA294658460DF1AC0803F0D3F80028E3
S32D000148987FF48FAC103E102EDDE92921E7DCDDE91D3B4D46B1461F9EC8F80490013209EB0104072A0E49C8F8B7
S32D000148C00010CDE9292400F3FF839DF8832008F10808A8E40C990A981D9328AA03F0AEF800287FF46AAC2A9C9B
S32D000148E81D9B0DF1AC08ADE4D0950100E4950100D49501000C990A9828AA03F09BF800287FF457AC2A9C0DF15B
S32D00014910AC08ADE4102D299B21DD0A9FDDF83090102604E0103D102D08F1080817DD0133B04A1034072BC8E900
S32D000149380026CDE92934F1DD28AA494638460DF1AC0803F077F800287FF433AC103D102DDDE92934E7DC013338
S32D00014960A44AC8F804502C44072BCDE92934C8F800207FF7A3AC0C990A9828AA03F05EF800287FF41AAC2A9C43
S32D0001498898E42299002940F36683DDF84090129B9945A8BF9946B9F1000F0BDD299B01334C44072BC8E90059A9
S32D000149B02A94299300F32F8508F10808109EB9F1000FA8BFA6EB0906002E00F33882DDF840B07805AB4400F143
S32D000149D86682229B129A934202DBF90740F18E84169A17991444C8E90012299A2A940132072A299200F31885BF
S32D00014A0008F10808129AAE18A6EB0B06D51AAE42A8BF2E46002E0DDD299BC8F800B001333444072BC8F8046062
S32D00014A282A94299300F31A8608F10808002EA8BFAD1B002D7FF736AC102D299BDFF8B09140F36E834946224633
S32D00014A50B946DDF828B00C9C10260F4605E008F10808103D102D40F35B8301331032072BC8E90076CDE92932EF
S32D00014A78F1DD28AA2146584602F0DCFF00287FF498ABDDE929320DF1AC08E6E7079B002B7FF41EAB5F4600234E
S32D00014AA007930B9354ADFFF71FBBFA073FF581AE299EC8F80050013601340123072E2A942996C8F804307FF7F7
S32D00014AC8A7AE0C990A9828AA02F0B4FF00287FF470ABDDE929640DF1AC089BE6129B5D1E002D7FF797AE102D23
S32D00014AF0DFF8049140F39683224607970A9C0C9F4FF0100B05E008F10808103D102D40F3878301361032072ECB
S32D00014B18C8E9009BCDE92962F1DD28AA3946204602F088FF00287FF444ABDDE929620DF1AC08E6E70C990A9842
S32D00014B4028AA02F07BFF00287FF437AB2A9C0DF1AC08FFF799BB1BF0100340F028811BF0400200F079830E9AF1
S32D00014B6852F8044B0E929946A4B20123FFF7DEBA2D2364428DF8833069EB4909BB460123FFF7D7BA0C990A9837
S32D00014B9028AA02F053FF00287FF40FABDDE929640DF1AC0814E60C990A9828AA02F046FF00287FF402ABDDE92E
S32D00014BB829640DF1AC0814E6FD077FF573AB28E59AF800600E93FFF7D3B954ADFFF788BAB80500F1A6834FEA94
S32D00014BE0E4794B46FFF766BA0E9B53F8044B0E93FFF79DBAD4950100E4950100DDE9140102460B4604F03AF9F2
S32D00014C08002840F00F86612E00F04585412E00F06D84079B013326F02003069300F0A983472B00F08885DDE9FE
S32D00014C30141247F480730F931346002BC0F292850B9300231D938B460D93069B462B00F0FD83452B00F0448585
S32D00014C580799019126A9049123A9039122A9029102210B9B0A9800915A4600F0CDFF069B472B054640F031863C
S32D00014C8017F0010FB9460F9F40F0FC84269B5B1B1293069B472B00F08283069B462B00F01284229B1093109B0A
S32D00014CA8069A013B412A229300F0AD85F2B20021002BB8BF109B8DF89020BABFC3F101032D222B22092B8DF8F2
S32D00014CD0912040F38D850DF19F04B64F2246104687FB0321DA17C2EBA10202EB8201A3EB4101303100F8011CBE
S32D00014CF819466329134600F1FF32ECDC3033D9B2831E9C4202F8011C40F2F18513460DF1920201E013F8011B40
S32D00014D2002F8011B9C42F9D10DF1A1030DF192021B1A134424AA9B1A1A93129B1A9A012B1A440B9240F39E85D8
S32D00014D480B9B169A13440B930B9A002329F4806722EAE27247F480770F930692139310931D9B002B40F03F833B
S32D00014D709DF883200793FFF7C5B9199B002B3FF482A9199B1B78002B3FF47DA99AF8006047F48067FFF7F0B814
S32D00014D980E9B089853F8041B0E93C217C1E900025546FFF79DBA0E9B53F8044B0E930123FFF7BCB97E4B189344
S32D00014DC017F0200900F0EC800E9B073323F00703D3F8049053F8084B0E93F80709D554EA090306D030238DF8C5
S32D00014DE8856047F002078DF8843027F4806B0223FFF79CB9BB46FFF725BB6E4B1893DBE70C990A9828AA02F0C0
S32D00014E1015FE00287FF4D1A92A9C0DF1AC080AE40A984021FEF7FCF80C9B18601861002800F065850C9A402356
S32D00014E385361FFF766B8102E299BDFF87C9140F32982484642462146A846B9460A9C0C9D4FF0100B074604E07B
S32D00014E600832103E102E40F3138201331031072BC2E9007BCDE92931F2DD28AA2946204602F0DCFD00287FF4DC
S32D00014E8898A9DDE929312BAAE7E72846CDF81C900E94FEF7B1FF03460B90FFF7B3BA129BCDF82CA04246DDF8EF
S32D00014EB04C801097EB1807935E46199FDDF87090DDF828A0DDF830B00F9B13952146B8F1000F2FD0002B30D1A4
S32D00014ED8013F08F1FF381B9BC2E90039299B01334944072B2A91299368DC0832079B38789B1B8342A8BF034678
S32D00014F00002B1C460BDD2998013019440728C2E900632A91299000F3148138780832002CACBF051B0546002D6C
S32D00014F280BDC06440F9BB8F1000FCFD1002B00F023820F9B013B0F93CDE7102D29981DDD102404E0103D102D91
S32D00014F5002F1080216DD0130194B10310728C2E90034CDE92901F1DD28AA5946504602F065FD00287FF421A9F0
S32D00014F78103D102DDDE929012BAAE8DC01300E4B556029440728CDE92901136000F33282387808320644C5E742
S32D00014FA017F0100300F0A1800E9B53F8044B0E9313E700BF67666666A0950100B4950100E495010028AA594616
S32D00014FC8504602F037FD00287FF4F3A82A992BAA8CE70BF4806300220696CDF82CA0CDF8348054AFDDF8648057
S32D00014FF09A4616460CE00023204649460A2203F053FF0A2C79F100031BD3044689462F4620460A22002349467E
S32D0001501803F046FF30327D1E013607F8012CBAF1000FE4D098F800309E42E0D1FF2EDED00A2C79F1000380F024
S32D00015040408154AB5B1BDDF82CA0CDF864801296DDF83480069E0B935F46FFF745B8299BBC4AC8F800200133D8
S32D0001506801340122072B2A942993C8F8042000F3388108F10808002940F09780129A07F0010313433FF40EA925
S32D00015090169B17991A19C8E90013299B2A920133072B299300F3478108F108081299C8F8005001338C18072B6E
S32D000150B8CDE92934C8F804107FF7F2A8FFF7B7BB0C990A981D9328AA02F0B4FC00287FF470A89DF883202A9C4E
S32D000150E01D9B0DF1AC08FFF79EB817F0400200F0C2800E9A52F8044B0E929946A4B26CE6BB46FEF7E4BF0C99CA
S32D000151080A9828AA02F096FC00287FF452A82A9C0DF1AC08FFF778BA14463A464F46914601332C44072BC8F86F
S32D000151300090C8F80450CDE929347FF7B5A8FFF77ABB28AA5946504602F078FC00287FF434A838782A992BAA6F
S32D00015158E1E60C990A9828AA02F06CFC00287FF428A82A9C0DF1AC08FFF782B8012BBB467FF4F3A9FEF7ACBF3F
S32D000151800E9B089953F8042B554611600E93FFF7ABB8062B294628BF062307950D952A4606936D4D0E940B9345
S32D000151A80F9113911091FEF7A9BF169B17981A19C8E90003299B2A920133072B299300F3B68008F10808002952
S32D000151D0BFF66CAF4E421031DFF8809180F297824146DDF828B0A84610240C9D04E00831103E102E40F38982B6
S32D000151F801331032072BC1E90094CDE92932F2DD28AA2946584602F015FC00287EF4D1AFDDE929322BA9E7E703
S32D00015220079F144601362C44072ECDE92964C8F80090C8F804507FF7EFAA46E40E9B17F4007914BF53F8044B09
S32D0001524853F8044B0E931CBF9146E4B2FEF76BBF0E9B1BF4007914BF53F8044B53F8044B0E931CBF9146E4B274
S32D000152700123FEF75FBF0E9B17F4007914BF53F8044B53F8044B0E931CBF9146E4B2A4E5454690463A460C46FF
S32D000152984F46914601333444072BCDE92934C8F80090C8F8046057DC08F10808FFF78BBB2D228DF88320FFF731
S32D000152C050B81C9B1B99ED1A1A46284602F084FB98F801300BB108F10108204649460A220023002603F0E0FD4D
S32D000152E88FE60C990A9828AA02F0A4FB00287EF460AF22992A9C0DF1AC08BCE6129AAE18A6EB0B06D51AAE4207
S32D00015310A8BF2E46FFF78EBB0E9B089953F8042B0E9311805546FEF7DFBF44F3C0194B4664B2FEF7BFBE0C9962
S32D000153380A9828AA02F07EFB00287EF43AAFDDE9293222990DF1AC083DE700BFD0950100C8950100E495010035
S32D000153600C990A9828AA02F069FB00287EF425AF2A9C0DF1AC08FFF72ABB0623079356E4DDE91235EB189E4201
S32D000153881997B346DDF82CA0109F90460C4628BF9B46FFF71EBB229B1093DA1C02DB079A934204DD023E26F05E
S32D000153B02003069377E4109B129A9342C0F2488119F0010F00F01182169A13440B9319F4806F03D0109B002B2A
S32D000153D800F3C7810B9B23EAE3730693672600230F931393BCE42D2200238DF883200793FEF786BE28AA594653
S32D00015400504602F01BFB00287EF4D7AE38782A992BAA06448AE50C990A9828AA02F00EFB00287EF4CAAE2A9CD3
S32D000154280DF1AC08FFF7C6BA0C990A9828AA02F001FB00287EF4BDAE229B2A9C0DF1AC08FFF7DCBA079901912E
S32D0001545026A9049123A9039122A9029103210B9B0A9800915A4600F0D3FB0378302B054600F0F181229B079ACF
S32D00015478B94613440F9FEC180B99584600220023FDF756F810B12346FFF7FDBB269BA342BFF4F9AB30215A1C98
S32D000154A026921970269B9C42F9D8FFF7F0BB079B9DF883200E9406930B9307900F9013901090FEF71FBE229AD1
S32D000154C81092002A40F3E081079909F001030B4340F0B781109B0B93662619F4806F40F041810B9B23EAE37336
S32D000154F0069378E730238DF8843058238DF88530079B632B47F0020400F3BF8000230D933BADDDE9141247F4E3
S32D0001551881730F931346002B2746C0F285800B9326F02003069300238B461D93612E00F04081412E7FF485ABC0
S32D0001554022AA0B99584602F0C9F900224FF07F53FCF78AFD02460B46CDE9102300220023FCF7EAFF08B101234D
S32D000155682293AC4B0B93079BCDE912A6CDE91E78DDF82CA0DDE9106703F1FF39AB46109506E00022002309F1A9
S32D00015590FF39FCF7D1FFE8B9A14B002230463946FCF762FD0F460646FCF7F8FF0446FCF7F1FC0B46024639462E
S32D000155B83046FCF79DFB1AF80430B9F1FF3FD8464D460BF8013B06460F46DAD130463946924BDDF848A0139E19
S32D000155E0CDF848800022A946DDF87C80109D1E9FCDE91001FCF7C8FF002855D1DDE91001884B0022FCF798FF9E
S32D0001560808B1E1074CD44B46002B06DB01335B4430220BF8012B5B45FBD1ABEB0503B94612930F9FFFF731BB83
S32D0001563026F020030693DDE914349B4604F100430B932D231D9375E700230793FEF796BC129B169A9A18109B9A
S32D000156580B92002B40F3098167263EE70C990A9828AA02F0E7F900287EF4A3AD229D129B2A9C5D1B0DF1AC08BB
S32D00015680FFF7D8B9079BEC18FAE60A98591CFDF7C7FC0546002800F026810D9039E730238DF88430782329E722
S32D000156A8129B26930B9B1BF8012CD97B8A425B4609D1302003F8010C269B5A1E269213F8012C9142F6D0392A6F
S32D000156D00BBF0B9A0132927AD2B203F8012CA0E707990B9B0A984C1C26A9049123A9039122A9029102215A4695
S32D000156F80194009100F088FA0546B9462C440F9FBAE64546884601333244072BCDE92932C8F80090C8F8046029
S32D000157207FF7C2AC0C990A9828AA02F087F900287EF443ADDDE929320DF1AC08B6E4079B002B08BF01230793A2
S32D0001574847F480730F93159B002BC0F2B180DDF850B00D900B931D90FFF77ABA00230D9365E7672619990B78EC
S32D00015770FF2B00F0B2800024109A204603E001300131FF2B08D0934206DAD21A4B78002BF5D10B780134F4E75A
S32D000157981991109213900F940F9A139B1C9913440B9A01FB03230B9323EAE3730693FFF7D7BA22AA0B995846F7
S32D000157C002F08CF800224FF07F53FCF74DFC02460B46CDE9102300220023FCF7ADFE08B101232293104B0B93E5
S32D000157E8C1E6109B0B93EEE5002963D130228DF892200DF19302303302F8013B24ABD31A1A93FFF796BA06F117
S32D000158100F02D2B20121FFF74FBA00BFB4950100000030400000E03FA0950100159B384D002BB4BF2D229DF82E
S32D000158388320364BB8BF8DF8832027F08007FEF790BD169BD31819440B91662645E60B99584600220023FCF7D8
S32D000158606BFE00287FF406AE079BC3F10103229301E6C3F101031A4422EAE2730B9206936726B0E519F0010F83
S32D000158883FF462AAFFF75CBA079A09F0010959EA020304D10123069366260B939FE5169B01331A4422EAE273D6
S32D000158B00B920693662696E50D90BCE60DF192029DE70E9B9AF80160924653F8042B0E9342EAE2720792FEF79A
S32D000158D84FBB00230F9313935EE7079C0DE70C998B8943F0400213468A81FEF76ABC02231A93FFF71EBA0A9A5F
S32D000159000C2313604FF0FF330893FEF765BC00BF989501009C950100F8B50D461446064610B1836B002B43D002
S32D00015928B4F90C20A369A360170790B21BD52369CBB1EDB281042F4622D522686169D31A994229DD0133A16821
S32D000159500139A160511C2160157062699A422AD0A389DB0701D50A2D25D03846F8BD2146304600F03FF820BBB7
S32D00015978B4F90C20236990B2EDB281042F46DCD442F40052A281626E616922F4005262662268D31A9942D5DC98
S32D000159A02146304601F026F958B922680123CEE701F054F9B8E72146304601F01BF90028D3D04FF0FF37D0E7C1
S32D000159C838B50C46084D8446114620461A4600232B60644603F02CFC431C00D038BD2B68002BFBD0236038BD9D
S32D000159F0481B002038B5334B1B6805460C460BB19A6B12B3B4F90C3018079AB225D5216900292DD012F00100F3
S32D00015A1807D00020A06060694042A06139B1002038BD950758BF6069A0600029F7D1120658BF0846F4D543F037
S32D00015A404003A3814FF0FF3038BD184601F006F9B4F90C3018079AB2D9D4D1062AD5520714D4216943F008033F
S32D00015A68A3819AB20029D1D102F42070B0F5007FCCD02146284601F013FBB4F90C3021699AB2C3E7216B51B1C3
S32D00015A9004F14002914204D0284601F0D7F9B4F90C300022226321690022C4E9001223F02403D7E7092243F089
S32D00015AB840032A604FF0FF30A38138BD1C0D0020024B13B1024800F005B8704700000000816D0100002301460A
S32D00015AE01A46184602F026B82DE9F04F03690C69A34283B0C0F28680013C01F11405A30000F11408009355F82B
S32D00015B08243058F8242001338A469A4208EB8401814605EB84070191B2FBF3F638D30023AE4640469B465EF8E5
S32D00015B30041B02681FFA81FC06FB0C33090C4FEA134C06FB01CC99B2ABEB01011FFA8CF311FA82F1C3EB124271
S32D00015B5802EB214289B241EA0241774540F8041B4FEA1C434FEA224BDDD2009B58F8033073B9019B043B984523
S32D00015B8004D307E0984504F1FF3403D253F80429002AF7D0C9F810405146484601F076FD00282BDB0136404670
S32D00015BA8002355F8041BD0F800C08AB29A1A0B0C12FA8CF2C3EB1C4303EB224392B242EA0342AF4240F8042BB9
S32D00015BD04FEA2343E9D258F8242008EB84036AB9043B984504D307E0984504F1FF3403D253F80429002AF7D0FE
S32D00015BF8C9F81040304603B0BDE8F08F002003B0BDE8F08F000000002DE9F04F016C99B090469946CDE9048926
S32D00015C20259D044641B1426C4A60012393408B6001F0D0FA00232364B9F1000AB4BF012300232B60764BBCBF83
S32D00015C482AF0004ACDF814A033EA0A0300F0AA80DDE904231046194600220023CDE90A01FCF766FC074670B1A1
S32D00015C70249A01231360269B002B00F0E48269481860431E0393039819B0BDE8F08F16AB019317AB00932046B6
S32D00015C98DDE90A2301F0BCFD5FEA1A56054640F09780DDE916763E4406F23240202840F3B583C0F140000AFA0F
S32D00015CC000FA06F2124028FA00F04AEA0000FCF751F90123013EA1F1F8710F93524B0022FCF70AF848A3D3E993
S32D00015CE80023FCF7BDF948A3D3E90023FCF702F8804630468946FCF749F945A3D3E90023FCF7AEF902460B46D0
S32D00015D1040464946FBF7F2FF80468946FCF73EFC00228346002340464946FCF70FFC002840F07C82BBF1160F62
S32D00015D3800F26B823B4B03EBCB03D3E90023DDE90A01FCF7FFFB002872D00023BE1B0E93731E0BF1FF3B069317
S32D00015D6000F15E8200230993BBF1000F6BDA099BCDF81CB0A3EB0B030993CBF100030D93229B092B4FF0000B7D
S32D00015D8866D8052B40F34883043B22930026229B023B032B00F26886DFE813F05C04590450043304249A42F25A
S32D00015DB00F73CAF3130A13605AEA08031AD1269B002B00F064861A4B03930833269A0398136019B0BDE8F08F04
S32D00015DD8DDE90A12C2F31303084643F07F510F97A6F2FF36169F41F4401173E7269B002B40F0EA830D4B03931F
S32D00015E0041E700BFAFF3008061436F63A787D23FB3C8608B288AC63FFB799F501344D33F0000F07FD1950100F6
S32D00015E280000F83FF8960100F8950100F4950100BE1B731E069300F185840E900990069B5B44CDE9063B0023DF
S32D00015E500D93229B092B98D90023CDE9223301264FF0FF330C960893089B129300216164204601F089F9039084
S32D00015E78002800F00186039B2364089B0E2B00F21381002E00F010810799002940F35C84AE4B01F00F0203EB61
S32D00015EA0C2034FEA2118C905D3E9006740F11484A94BDDE90A01D3E90823FCF7FFF9CDE9100108F00F084FF036
S32D00015EC8030AB8F1000F13D0DFF8849218F0010F09D030463946D9E90023FCF7C1F80AF1010A06460F465FEAAF
S32D00015EF0680809F10809EDD1DDE9100132463B46FCF7DCF9804689460E9B43B1934B002240464946FCF71AFB63
S32D00015F18002840F030855046FCF738F842464B46FCF79EF88C4B0022FBF7E4FEA1F15073CDE910011193089BC2
S32D00015F40002B00F09780079B1493089B13930C9B002B00F0A584139A7E4B8249039E03EBC20353E9022300206D
S32D00015F68FCF7A8F9DDE91023FBF7C2FECDE9100149464046FCF70EFB0746FCF707F802460B4640464946FBF714
S32D00015F90B3FE3037DDE9102306F8017B80468946FCF7D4FA002840F02985CDF854B00027DDE910AB1095139D35
S32D00015FB813942AE00137AF4280F22C85684B504659460022FCF74CF8654B002282468B4640464946FCF744F8CD
S32D00015FE089468046FCF7DAFA0446FBF7D3FF02460B4640464946FBF77FFE303406F8014B52465B46804689468F
S32D00016008FCF7A0FA002840F0F38442464B4651490020FBF76DFE52465B46FCF793FA0028C8D0DDE91343109D9B
S32D00016030039A079302E0964200F0C884B24616F8013D392BF7D00133DBB23370079B01330793C8E15046FBF7A0
S32D000160589DFF42464B46FCF703F83F4B0022FBF749FEA1F15073CDE9100111933D4B404649460022FBF73CFEE6
S32D00016080DDE910894B46424606460F46FCF77CFA8146002840F0AA84DDE91001024601F1004330463946FCF7E6
S32D000160A851FA002840F04583179B002BC0F28C80079A0E2A00F38880244B03EBC203D3E900AB239B002B1BDA88
S32D000160D0089B002B18DC40F02E83244B002250465946FBF7C1FF02460B46DDE90A01FCF737FADDF820904E46DF
S32D000160F8002800F0C782239BDDF80C80DF43C9E2DDE90A7852465B4638464146FCF7D2F8FCF740FA814609905C
S32D00016120FBF738FF52465B46FBF79EFF039E0B46024641463846FBF7DFFD09F1300306F8013B089B012B00F02C
S32D000161485C830694012704951C462AE0F8960100D09601000000F03F00001C400000E03F00002440000014402A
S32D0001617052465B4640464946FCF7A0F8FCF70EFA0546FBF707FF52465B46FBF76DFF01370B460246494640466C
S32D00016198FBF7AEFD05F13003A74206F8013B00F02983AC4B0022FBF75BFF0022002380468946FCF7BDF9002843
S32D000161C0D6D0049D069C079B01330793B2460AE10C9A002A3DD0229A012A40F39C82089B03F1FF380D9B434561
S32D000161E8C0F26D82A3EB0808089B002BC0F23C83069A1A440692099A17461A4409920121204601F08BF8064633
S32D0001621023E00123BE1B0E93731E06937FF5A2ADC6F101030993002306939DE55846FBF7B1FE42464B46FCF7F1
S32D000162387FF900287FF47AAD0BF1FF3B76E5864B0393039819B0BDE8F08FDDF83480099F0C9E002F0CDD0699EB
S32D0001626000290B4608DD099AB942A8BF3B46D21AFF1ACB1A099206930D9BDBB10C9B002B00F05D82B8F1000F7F
S32D000162880FDD31464246204601F024F92A4601460646204601F070F829460546204600F095FF0D9BB3EB0802D2
S32D000162B040F0D8820121204601F034F8BBF1000F814600F3B480229B012B40F386814FF0000A0120BBF1000F9F
S32D000162D840F0B580069A104410F01F0000F09380C0F12003042B40F3D283099BC0F11C000344024409930744AC
S32D000163000692099B002B05DD29461A46204601F045F90546069B002B05DD49461A46204601F03CF981460E9BDD
S32D00016328002B40F03681089B002B40F31D810C9B002B40F0A080079B01330793DDF80C80DDF820A0012707E0FE
S32D00016350294600230A22204600F046FF0137054649462846FFF7C0FB574500F1300308F8013BEDDB089A002A04
S32D00016378C8BF9346039AD8BF4FF0010B93440027294601222046049301F004F94946054601F078F9002840F305
S32D000163A0A8811BF8013C039A0BF1FF3B04E05A4500F0AA811BF8013D392B0BF1010AF6D001338BF800304946EC
S32D000163C8204600F003FF56B12FB1B74203D03946204600F0FBFE3146204600F0F7FE2946204600F0F3FE002332
S32D000163F08AF80030249B079A1A60269B002B3FF442AC0398C3F800A019B0BDE8F08F1C20099B03440993069B9E
S32D0001641803440744069370E70126B8E4C0F1200008FA00F04FE401465A46204601F052F8229B012B814640F3AF
S32D00016440B3814FF0000AD9F8103009EB8303186900F01AFFC0F1200040E700BF00002440D09501003146002380
S32D000164680A22204600F0BCFE129B002B064640F3E782CDE90783002F00F31A81BAF1000F40F0D581B046049B37
S32D00016490039F089903F001027B1E1944229B0C92134309910A9349462846FFF71DFB31468346284601F0EAF83A
S32D000164B8424649468246204601F004F9C26801460BF13003002A42D106902846089301F0D9F8069904902046AB
S32D000164E000F078FE049A089B1AB90A99002900F09B82BAF1000FC0F2638122994AEA010A0C9951EA0A0100F015
S32D000165085B81002A00F3B481099A3B7007F1010A9742D34600F0B281294600230A22204600F05EFE464505468A
S32D0001653031464FF000034FF00A02204612D000F053FE4146064600230A22204600F04CFE57468046A7E7204696
S32D00016558049300F03BFE049B0122C6E700F040FE5746064680469AE7229B022B79DC0C9B002B80D1079B4946F4
S32D00016580013328460793FFF7AFFADDF80CB000F130030BF8013B0027F6E64946284601F075F80028BFF6C3AE71
S32D000165A8294600230A22204600F01AFE079B03F1FF380C9B0546002B7FF450AF129B002B40F335820893B9E640
S32D000165D0AF4B03930333FFF7F9BBDDE9041200297FF475AEC2F31303002B7FF470AEA94B1340002B00F0FE8129
S32D000165F8099B01330993069B013306934FF0010A63E601230C93239B079A134412930133012B1F460893B8BF0A
S32D0001662001270021172F61647FF722AC012204235B0003F11400B842114602F10102F7D9616415E401230C936E
S32D00016648239B002B4CDD129308931F46E5E700230C93D8E700230C93F2E7129BCDF81C800893089B002B7FF49A
S32D0001667046AD49460522204600F0B6FD01468146284601F003F800287FF739AD0398079F3123804600F8013BCE
S32D00016698013703904946204600F098FD7B1CDDF80CA00793CDF80C80002E7FF494AE96E631463A46204600F0DF
S32D000166C06DFF0646DEE60D9BCDF83480A8EB03039B444FF000088BE5DDE90A234FF0020ACDE91023FFF7F1BB16
S32D000166E8012323930893FFF7BBBB03D1049BDB073FF553AEDA461BF8013D302BFAD05EE6079B039A0133079331
S32D000167103123137057E60F9A002A00F0268103F23343069ADDF834801A440692099A17461A44099267E54FF0CE
S32D0001673800094E46DFE429460D9A204600F0CAFE0546B3E50E9067E500F00F81079A504B564206F00F0203EB88
S32D00016760C203D3E90023DDE90A01FBF77DFC36118046894600F07181484F00234FF0020AF20706D5D7E90023B0
S32D00016788FBF76EFC0AF1010A0123761007F10807F2D1002B3FF4B4AB80468946FFF7B0BB049B002B7FF449AE25
S32D000167B0DDE90412C2F31303002B3FF418AF40E6002A12DD294601222046049300F0E6FE4946054600F05AFF29
S32D000167D80028049B40F31881392B00F0F9800BF13103BA460AF8013B079B0133374607934646E4E50995069C42
S32D00016800049D02460B46FBF779FA52465B4680468946FBF7B9FE60B952465B4640464946FBF78AFE00283FF417
S32D00016828CEAC099BD9077FF5CAAC039A02E47168204600F0A5FC0746002800F00E81336902339A0006F10C01A3
S32D000168500C30FCF7E5FE39460122204600F09EFE804614E62946204600F038FE054621E5DDE908239F1AC6E413
S32D00016878392B00F0AD80BA460133B3E7079A01323746079246467BE5F49501000000F07FF8960100D0960100DD
S32D000168A0DDF84CA0844901EBCA01DDE9102351E90201FBF7D9FBCDE9100149464046FBF76DFE0646FBF766FBB0
S32D000168C80B46024649464046FBF712FA039F53463036012B07F8016B8046894600F0AE80139E039B1E44734B9B
S32D000168F0002240464946FBF7B7FB89468046FBF74DFE8246FBF746FB0AF1300A02460B4640464946FBF7F0F913
S32D0001691807F801ABB74280468946E4D1664B0022DDE91001FBF7E6F942464B46FBF70AFE002864D1DDE910237E
S32D000169405F490020FBF7D8F942464B46FBF71CFE00283FF4ADABB246013E1AF8013C302BF9D0149B013307939E
S32D000169683DE5169BC3F13603D7E6DDE90A894FF0020AFFF7C5BA089B002B3FF467AB129B002B7FF791AB079A2C
S32D00016990013ACDE913324046484B00224946FBF763FB804689460AF10100FBF7F3FA42464B46FBF759FB434B2B
S32D000169B80022FBF79FF9A1F15073CDE910011193FFF7C1BA079B013307933123FFF739BB079BBB4601330793B4
S32D000169E0392337460BF8013B4646DCE44FF000094E464BE69A466CE4109D139C149B01330793B246EFE4149B94
S32D00016A08039A0793FFF716BB7FF4EBAEDA077FF5E8AEE1E6DDF854B0109D139CFFF744BB392BD5D0BAF1000FB6
S32D00016A303FF7D9AED9E6229B022B3FF712AECDF81C809BE53E466DE7229B022B3FF709AE129BCDF81C800893A2
S32D00016A5811E54FF0020AFFF753BA194B19483A4640F2EA2101F0A8F8002666643146204600F086FB039078B9B6
S32D00016A80114B124800224FF4D57101F099F8104B0393FFF7F8B83FF434ACC0F13C00B7E4039B236401224FF04B
S32D00016AA8FF33239612930C920893FFF7FDBA00BFF8960100000024400000E03F00001C400496010018960100D2
S32D00016AD0F8950100B1F90C20F8B50C461107074642D4636842F40062002BA28159DDA56A002D54D000233E68A9
S32D00016AF83B6093B212F4805253D1E16901233846A847421C63D0A389A56A5B0705D56368C01A236B0BB1E36B73
S32D00016B20C01AE169024600233846A847411C3ED13B68002B3BD01D2B01D0162B52D1A3892269226023F40063D5
S32D00016B4800216160A381216B3E6021B304F14003994202D0384600F075F900202063F8BD2669C6B193B2256829
S32D00016B7026609A070CBF63690023AD1BA3600CE0D4F824C0E1692B4632463846E047B0F1000CA5EB0C056644DE
S32D00016B9816DD002DF0DC0020F8BDE36B002BA2DCF9E7206DB1E7B4F90C302269226023F40063A3810022DB047C
S32D00016BC06260C4D52065C2E7A38943F040034FF0FF30A381F8BD3B68002B98D01D2B06D0162B04D0A38943F06C
S32D00016BE84003A381F8BD3E60D5E700BF38B50C46054608B1836BA3B1B4F90C00B8B1636EDB0701D4810515D5AA
S32D00016C1028462146FFF75EFF636EDA07054602D4A3899B050ED5284638BD00F017F8B4F90C000028E7D1054665
S32D00016C38284638BDA06DFCF7E3F9E5E7A06DFCF7E1F9284638BD00BF014900F001BA00BFA97C01002DE9F047FF
S32D00016C6082463948FCF7D0F9DAF83840002C66D1DAF80450354ACAF83C200323CAE9B843DFF8CC90DFF8CC8066
S32D00016C88334F344E04230AF53B72CAF8E8222146C5E90243C5E90044C5E904446C660822AC6105F15C00FCF7AA
S32D00016CB0CDFDC5E90759C5E90987EE6205F15800FCF79EF9DAF80850254BEB602146C5E90044C5E904446C6671
S32D00016CD8AC60AC61082205F15C00FCF7B3FDC5E90759C5E90987EE6205F15800FCF784F9DAF80C50194BEB601E
S32D00016D002146C5E90044C5E904446C66AC60AC61082205F15C00FCF799FD05F15800C5E90759C5E90A76C5F8DE
S32D00016D282480FCF769F90123CAF838300448BDE8F047FCF767B9BDE8F0470148FCF762B9101B0020516C01007E
S32D00016D504D79010071790100B1790100D179010009000100120002000148FCF74DB900BF0C1B00200148FCF74A
S32D00016D7849B900BF0C1B002038B5084B084D5B1B9C1007D0043B1D44013C55F804399847002CF9D1BDE83840FD
S32D00016DA002F0EABD0000000000000000F8B5244F0C460646FCF79CFDBA685568C4F57E630F3325F003052B449A
S32D00016DC823F47F6323F00F03A3F58054B4F5805F07DB00213046FCF77FFFBB682B44984204D03046FCF786FD74
S32D00016DF00020F8BD61423046FCF772FF01300DD0104ABB682D1B45F001055D60136830461B1B1360FCF772FD5B
S32D00016E180120F8BD00213046FCF75EFFBA68831A0F2BDEDD43F001035360054B03491B68C01A0860D5E700BF14
S32D00016E4048110020141B002050150020002961D0F8B50C460646FCF74BFD54F8042C7B4FA4F1080522F00101FA
S32D00016E6805EB010CB868DCF80430604523F0030300F08B80D207CCF8043032D454F8082CAD1A1144AA6807F1A0
S32D00016E90080082426AD00CEB0304D4F804E0EC68D4601EF0010FA26000F0978041F001036B60CCF80010B1F5F6
S32D00016EB8007F35D27A68CB0848090121013381401143796007EBC30257F83310083AC5E9021247F83350CD609F
S32D00016EE03046BDE8F840FCF709BD0CEB03025268D00710D4194407F10800DCF80830834273D0DCF80C20DA605B
S32D00016F08936041F001036B606950D0E7704741F00103B1F5007F44F8043CCCF80010C9D3B1F5206F4FEA512318
S32D00016F3048D28B0903F1390003F13802C300F818FB580838984259D05A6822F003028A4202D99B689842F7D19B
S32D00016F58D868C5E902308560DD603046BDE8F840FCF7C8BC0CEB03025268D20763D40B44DCE90212CA609160F5
S32D00016F8043F001026A603046EB50BDE8F840FCF7B5BC0B44D10707D454F8082CAD1A1344D5E90212CA60916063
S32D00016FA843F001026A60284ABD6012689A4293D8264B30461968FFF7F5FE8DE7142B0AD9542B1FD80B0B03F103
S32D00016FD06F0003F16E02C300B1E719448DE703F15C0003F15B02C300A9E741F00103C7E90455C5E902006B60E6
S32D00016FF8695071E779689210012404FA02F20A437A60A6E7B3F5AA7F06D8CB0B03F1780003F17702C3008EE775
S32D0001702040F25452934206D88B0C03F17D0003F17C02C30083E74FF47E737E227FE741F001036B60CCF8001001
S32D000170484AE700BF4811002054150020441B00202DE9F8430746884600F538764FF00009D6E90154013D11D41A
S32D00017070A389012B05F1FF3508D9B4F90E300133214603D03846C04749EA00096B1C04F16804EDD13668002E02
S32D00017098E6D14846BDE8F883004870474C1600202DE9F0418B890C46990796B008D504F143030122C4E9043232
S32D000170C0236016B0BDE8F081B4F90E100029064627DB6A4600F062FE002821DB019D05F47045A5F50055B5FAF2
S32D000170E885F54FF480686D094FF4006741463046FBF792FFB4F90C30F0B1204AF26343F08003C4F81480A381C1
S32D000171102060206135BB3B43A38116B0BDE8F081A38913F0800519D04FF0400841463046FBF776FF0025B4F987
S32D000171380C302F460028E0D19A05BED423F0030304F1430243F002030121C4E90421A3812260B2E74FF4806884
S32D000171602F46C7E7B4F90E10304600F02DFE10B9B4F90C30CFE7A38923F0030343F001031BB2C8E7516C010063
S32D00017188C36C70B505460C464BB153F8240080B1026843F824200023C0E9033370BD2122042100F029FD03466C
S32D000171B0E8640028EDD1002070BD012101FA04F6721D9200284600F01BFD0028F3D0C0E90146E4E731B1C36CCC
S32D000171D84A6853F82200086043F82210704700BF2DE9F0410D6907460E461C4601F1140E0020DEF800108BB207
S32D0001720002FB03434FEA134C090C02FB01CC01309BB203EB0C4385424EF8043B4FEA1C44EBDC3CB1B368AB4249
S32D0001722807DD06EB850301355C6135613046BDE8F081716838460131FFF7A2FF8046A8B13269023206F10C01B3
S32D0001725092000C30FCF7E4F9FB6C726853F82210316043F82260464606EB850301355C613561DFE7024B034879
S32D000172784246B52100F0A0FC0496010074960100020C12040346CAB90304102013F07F4F04BF1B02083013F044
S32D000172A0704F04BF1B01043013F0404F04BF9B000230002B05DB13F0804F00F1010008BF202070470020E5E752
S32D000172C80368024613F0070007D0D9071DD498071FD55B0813600120704799B209B91B0C1020D9B209B9083008
S32D000172F01B0A190704BF1B090430990704BF9B080230D90703D45B0800F1010003D013607047002070472020B7
S32D0001731870479B0813600220704700BF38B5C36C04460D464BB15868B0B102685A6000220123C0E90435C2609D
S32D0001734038BD2122042100F05BFC0346E0640028EDD1094B094800224FF4A07100F030FC1C220121204600F01A
S32D000173684BFC0028F1D001220223C0E90123DEE704960100749601002DE9F04F0E691569AE4285B088461446AF
S32D0001739005DB2A46234635460C4616469846A3686168AF19BB42B8BF0131FFF7EDFE0190002800F08780019B9F
S32D000173B803F1140909EB870AD14505D24B46002243F8042B9A45FBD808F1140808EB860B04F11403D8451A4632
S32D000173E003EB85055FD22B1B153B23F0030304331534A54238BF0423CDE902A7AC461F46924605E0000C29D128
S32D00017408C34509F1040948D958F8040B85B2002DF4D056464C46002356F8040B216882B21FFA81FE05FB02EEAB
S32D00017430000C0A0C734405FB002202EB13429BB243EA0243B44544F8043B4FEA1243E7D849F8073058F8040C98
S32D00017458000CD5D0D9F80030544619464D4600222688090C00FB06110A449BB243EA024345F8043B54F8046B8C
S32D000174802968360C8BB200FB063303EB1243A4454FEA1342E8D8C34549F8073009F10409B6D8DDE902A7002F6C
S32D000174A802DC05E0013F03D05AF8043D002BF9D0019B18461F6105B0BDE8F08F034B0448019A40F25D1100F040
S32D000174D077FB00BF049601007496010012F003032DE9F0411446064632D10D46A41020D0D6F84880B8F1000F79
S32D000174F833D0E3074FF0000707D4641015D0D8F80000A8B18046E307F7D5424629463046FFF732FFB5B169688E
S32D00017520F36C641053F821202A6043F821500546E9D12846BDE8F081424641463046FFF71FFFC8F8000007605E
S32D000175488046E0E70546D8E7013B0F4A52F823200023FFF745FE0546C4E701213046FFF70FFE804640B1012393
S32D0001757040F27122C0E904320023B0640360BCE7044B054842464FF4A07100F019FB00BFC097010004960100DD
S32D00017598749601002DE9F0470C4690462669A368496806EB6216751C9D4207464FEA621904DD5B009D4201F112
S32D000175C00101FADC3846FFF7DFFD8446002851D0B9F1000F00F114000EDD09F105024FEA820E03460CEB82022A
S32D000175E8002143F8041B9342FBD1AEF114031844216904F1140318F01F0803EB81012DD0C8F1200986464FF027
S32D00017610000A1A6802FA08F242EA0A024EF8042B53F8042B994222FA09FAF2D80B1B153B23F00303043304F123
S32D000176381502914238BF0423BAF1000F18BF2E4640F803A0FB6C6268CCF8106053F822102160604643F8224095
S32D00017660BDE8F087043853F8042B40F8042F9942F9D8EBE7034B0448624640F2D91100F09FFA00BF04960100FF
S32D00017688749601000B6984460069C01A15D10CF1140C14310CEB830210B401EB830301E0944508D252F8044D1E
S32D000176B053F8041D8C42F7D004D24FF0FF3010BC70477047012010BC704700BF2DE9F84F0F691369FF1A002F30
S32D000176D80E4690467AD101F11405143202EB830205EB830301E09D4273D253F8041D52F8044DA142F7D064D3E8
S32D000177007168FFF741FD8146002872D03569D8F81020C76008F1140E06F1140009F1140A06F1100C0EEB820289
S32D0001772800EB8507564600215EF8044B5CF804BFA3B211FA8BF1CB1A210CC1EB1B4101EB23419BB243EA01433E
S32D00017750724546F8043B4FEA2141E9D8A2EB0804153C08F11508424524F0030606F1040638BF0426304424F02C
S32D00017778030238BF002287425244B24416D95646044654F8043B11FA83F10A1402EB134289B241EA0243A7429C
S32D000177A046F8043B4FEA2241EFD87A1E101A20F00302524423B952F8043D013D002BFAD0C9F810504846BDE87F
S32D000177C8F88F334601274646984695E7F9DB002792E70021FFF7D4FC814668B101220023C9E904234846BDE8F7
S32D000177F0F88F074B07484A464FF4107100F0E0F9034B04484A4640F2322100F0D9F900BF04960100749601004F
S32D0001781870B5012182B016461D46FFF7B1FC044600284BD02B46C5F30A55C3F313030DB143F48013002E01933B
S32D0001784022D068460096FFF73FFD002836D0019B0099C0F1200203FA02F20A43C34001936261002B14BF0221C2
S32D000178680121A3612161ADB1069AA5F2334303441360079BC0F135001860204602B070BD01A8FFF71DFD019BEA
S32D000178900121C4E904132030002DE9D104EB8102A0F232431069069A1360FFF7EDFC079BC0EB4111204619604A
S32D000178B802B070BDDDE900236261CEE7034B0448224640F20A3100F077F900BF0496010074960100DFF860C036
S32D000178E0F8B521F000430027634504460D461646176022DC844653EA0C0C1ED0DFF844C001EA0C0C0A46BCF153
S32D00017908000F09D10E4B0022FAF7AAFB6FF0350704460A4621F0004322F0FF421B1522F4E002A3F2FE3342F05A
S32D000179307F553B4445F40015336020462946F8BDFFFFEF7F0000F07F0000504310B50C46B1F90E1000F07CFAB7
S32D00017958002803DB236D0344236510BDA38923F48053A38110BD00BF2DE9F0410C46B1F90C101F46CB05054629
S32D0001798016460BD421F48051A1813B46B4F90E1032462846BDE8F041FEF716B8B4F90E100223002200F028FAA6
S32D000179A8B4F90C10EAE700BF10B50C46B1F90E1000F01EFAA389421C0EBF23F4805343F480532065A38110BDAF
S32D000179D0B1F90E1000F050B930B540EA0104A30701D1032A0FD8844601F1FF3E07E01EF8011F03F8011B541E84
S32D000179F8C1B19C4622466346002AF4D130BD0B468446194653F8045BA5F1013424EA050414F0803FE4D1043A63
S32D00017A20032A4CF8045B1946EFD8DDE76244002CE8D003F8011B9342FBD130BD2DE9F04F936883B09146002BC9
S32D00017A486DD017688D6880460C460868083743E0A38913F4906F2ED0D4E90415A0EB010A05EB450505EBD57564
S32D00017A700AEB06006D100130A8422A4684BF05462A465B0536D511464046FBF7C9FA00283AD052462169019004
S32D00017A98FBF7C2FDA289019B22F4906242F08002A281A5EB0A0203EB0A006561A260236120603546B2465946F6
S32D00017AC05246FBF747FED9F80830A16820684D1B50449E1BA5602060C9F808601EB3083757E902B6002EFAD0CB
S32D00017AE8B542AA46B4D93546B246E4E74046FBF707FF03460028D4D121694046FFF7A2F90C23C8F80030A3893D
S32D00017B10002243F040034FF0FF30A381C9E9012203B0BDE8F08F0020C9F8040003B0BDE8F08F00BF2DE9F047A8
S32D00017B38DFF87CA00646DAF8000098460F469146FBF75EFA1B4B1B68D3F8484124B365681F2D26DC5EB96B1CEC
S32D00017B600235DAF80000636044F82570FBF74EFA0020BDE8F08704EB85010123C1F88890D4F88821AB401A43BC
S32D00017B88022EC4F88821C1F80881E4D1D4F88C211343C4F88C31DEE703F5A674C3F84841D5E7DAF80000FBF75F
S32D00017BB02DFA4FF0FF30DCE7581500208C95010000B50B4C25681446EE681A4685B003460D464CB10749009543
S32D00017BD8CDE901143046064900F0C8F8FBF76CF804490C46F3E700BF1C0D0020CC970100DC970100D89701001F
S32D00017C0038B5A1FB02148CBBFBF70AFA0546E0B150F8042C22F00302043A242A17D8132A1AD91B2AC0E9004431
S32D00017C281DD9242A14BF00F1100200F118024FF00003C0E9024404BF04614461C2E900339360284638BD21466F
S32D00017C50FBF7FCFD284638BD02460023C2E900339360284638BD00F10802F6E700F016F80C2300250360E8E7BC
S32D00017C7838B5074D0022044608462A6001F092FA431C00D038BD2B68002BFBD0236038BD481B0020014B186867
S32D00017CA0704700BF1C0D002070B500294BD006460C4610B1836B002B48D0636ED80734D5B4F90C30002B3ED022
S32D00017CC821463046FEF702FFE36A054633B1E169304698470028B8BF4FF0FF35A3891A063BD4216B41B104F1BF
S32D00017CF04003994202D03046FFF7A8F800232363616C21B13046FFF7A1F800236364FFF72BF8636E0022DB0744
S32D00017D18A28127D5A06DFBF771F9FFF727F8284670BDA3899905CBD4A06DFBF769F9B4F90C30002BC4D1656EBE
S32D00017D4015F0010508D00025284670BDFEF786FF636ED807B4D4E8E7A06DFBF757F9284670BD21693046FFF710
S32D00017D6871F8BEE7A06DFBF74DF9D3E70EB410B583B005AB064C53F8042B01930146206800F0B4F803B0BDE852
S32D00017D90104003B0704700BF1C0D002070B50C46084D03460026204611461C462E6001F005FA431C00D070BDCE
S32D00017DB82B68002BFBD0236070BD00BF481B002038B5074D0022044608462A6001F002FA431C00D038BD2B68F8
S32D00017DE0002BFBD0236038BD481B0020014B93F8280170475C15002038B50C46084D8446114620461A4600239D
S32D00017E082B60644601F0F6F9431C00D038BD2B68002BFBD0236038BD481B002082B049B15AB16BB113780B6045
S32D00017E301278101E18BF012002B0704701A9002AF3D1104602B070476FF00100F4E700BF38B50C46084D84465B
S32D00017E58114620461A4600232B60644601F0D2F9431C00D038BD2B68002BFBD0236038BD481B00202DE9F84FC5
S32D00017E804B6E9C0490462DD59368126843B38B46064602F1080959E9025A5FEA9A0715D0043D002401E0A7427A
S32D00017EA80ED055F8041F5A46304600F091FF431C04F10104F3D10023C8E90133BDE8F88FD8F808302AF0030A47
S32D00017ED0A3EB0A03C8F8083009F10809002BDAD10020ECE7FAF7F4FE0023C8E90133BDE8F88F00BF2DE9F04FF1
S32D00017EF8BDB0CDE904301C460191174618B1836B002B00F08682019A536EDE0740F18F81B2F90C108AB29004C0
S32D00017F2008D441F4005201994B6E8A8123F4005392B24B66110740F1F780019B1B69002B00F0F28002F01A0396
S32D00017F480A2B00F0FB8013AB10930023CDE91133CDE90A3308930DF14C09099303933B78002B00F051813C46B7
S32D00017F7004E014F8013F002B00F02C81252BF8D1E51B40F029812378002B00F041814FF0000300258DF83B3028
S32D00017F98671C637802954FF0FF3B2B240137A3F120025A2A00F25281DFE812F098025001500194025001500189
S32D00017FC050016A005001500136026B0250014102A6025001A2025B005B005B005B005B005B005B005B005B002C
S32D00017FE8500150015001500150015001500150015001230284005001500150015001500150015001500150010F
S32D000180105001DD00500150015001070250015902500150011E05500150015001500150015001500150015001CD
S32D000180385001230286005001500150014F02860080005001450250018102DF006F028000500107027E003E057C
S32D0001806050015001400550017E00A3F13002002117F8013B01EB810102EB4101A3F13002092AF5D902918EE79D
S32D00018088DDF814804046FFF707F843680A931846FBF7B2FE0B9006464046FEF7FDFF83680993002E40F07B845B
S32D000180B03B7877E73B7845F0200573E745F01005AC06049E40F16F81073626F007063246736852F8086B049264
S32D000180D89846002BC0F22D84BBF1FF3F00F0108556EA080325F0800A00F008840A2E78F1000380F0BD8430367D
S32D0001810001238DF8EF60554600930DF1EF04DDF800809DF83B30D845B8BFD846002B00F0A88008F10108A4E069
S32D00018128019D05982946FDF761FC002840F08885AA8902F01A030A2B7FF405AF0199B1F90E30002BFFF6FFAEDB
S32D000181504B6EDE0702D4950540F156850199059823463A463DB0BDE8F04F00F093BD45F0100515F0200800F04E
S32D000181780781049E073626F007063346D6F8048053F8086B049325F4806A00234FF000028DF83B20BBF1FF3FFD
S32D000181A000F0C88156EA08022AF0800540F0C181BBF1000F40F0AB84002B40F0A8831AF00103009300F0D68392
S32D000181C830238DF8EF300DF1EF049CE7E51B1BD0119B129A01332A44072BC9E900751292119305DC09F10809AB
S32D000181F0039B2B440393C6E6002A00F07F830199059810AAFFF73AFE40B90DF14C09EFE7129B002B40F009851E
S32D0001821800231193019A536ED90740F1A68093895B0600F1198503983DB0BDE8F08F019BB3F90C108D058AB2F3
S32D000182403FF56DAE1D46986DFAF7DEFEB5F90C108AB264E6002BDBD08DF88C304FF001084FF000038DF83B30AA
S32D00018268CDF8008023AC4FF0000B15F00203069318BF08F1020815F08403079305D1029BA3EB0806002E00F3B6
S32D000182906C82DDE91121501C9DF83B608EB10DF13B020131C9F8002007284FF00102CDE91101C9F8042000F39F
S32D000182B83B82024609F108090130069BDBB10FAB0231C9F8003007284FF00203CDE91101C9F8043040F3408226
S32D000182E0002900F006830199059810AAFFF7C6FD002893D1DDE911210DF14C09501C079B802B00F05881009B2F
S32D00018308ABEB0306002E00F3B681009BC9F8004019440728CDE91101C9F8043040F34481002900F072820199CB
S32D00018330059810AAFFF7A2FD00287FF46FAF12990DF14C09680705D5029BA3EB0804002C00F36982DDE9022306
S32D000183584245ACBF9B1843440393002940F0D581002311930DF14C09F9E5019B9B899A053FF556AF019CA06D4B
S32D00018380FAF744FEA3894FE715F0100340F0238315F0400200F0EB83049A52F8046B04929846B6B2F3E656F84C
S32D000183A8043B0496E80600F1ED82690640F1E78243F3C0381EB243468BE6049E56F8044B4FF000038DF83B300D
S32D000183D0002C00F0B183BBF1FF3F00F02E835A4600212046FBF7CCF8002800F01284031B009304964FF0000B83
S32D000183F889E6049E4FF000038DF83B304FF0010856F8043B8DF88C300496CDF8008023AC29E7FEF71FFC76E5D4
S32D00018420049B53F8042B0292002A80F29F82029A0493524202923B7845F00405B2E53B786C2B03BF7B7845F0AC
S32D000184482005013745F01005A8E53B78682B03BF7B7845F40075013745F040059EE545F0100A1AF0200800F082
S32D000184705582049E073626F007063346D6F8048053F8086B0493012384E63B788DF83B4088E5049B53F8046BDD
S32D00018498049330238DF83C3078238DF83D30B94B089345F0020A4FF0000802236EE6AE0600F18382EC0600F120
S32D000184C03383680600F19283A90540F12D83049E039A56F8043B04961A7044E53B7845F001055FE59DF83B3089
S32D000184E8002B7FF4E1AD20238DF83B303B7855E53B7845F0800551E5394611F8013B2A2B00F0B383A3F1300271
S32D00018510092A0F464FF0000B3FF645AD17F8013B0BEB8B0B02EB4B0BA3F13002092AF5D939E5AA46012B3FF4F5
S32D00018538DDAD022B3CAC12D1089A06F00F033609D35C04F8013D46EA08764FEA181856EA0803F2D13CAB1B1BFE
S32D0001856055460093D3E506F00703F60846EA48764FEAD808303356EA0801224604F8013DF1D11AF0010FE9D01E
S32D00018588302BE7D03023023A04F8013C3CAB9B1A554600931446B6E50099139401231491129111930DF14C0988
S32D000185B009F10809C6E6029BA3EB0806002E7FF7A2AE102E40F35183DFF8C4A15346CDE906B4BA46DDF814B095
S32D000185D8019C2F461D4607E002F1020C09F108090246103E102E1EDD501C103110230728CDE91101C9F8005055
S32D00018600C9F80430ECDD10AA002900F08B80214658460DF14C09FFF731FC00287FF4FEADDDE91121103E102E6A
S32D0001862802F1010CE0DCDDE906B42B463D4657469A463144BCF1070FCDE911C1C9F800A0C9F8046040F39581E7
S32D00018650002900F0BB820199059810AAFFF70EFC00287FF4DBAD009BDDE91121ABEB0306002E02F101000DF13F
S32D000186784C097FF74AAE102EDFF80CA131DD5346CDE90645BA46059C019D4FF0100B1F4607E002F1020C09F1C6
S32D000186A008090246103E102E19DD501C10310728C9E9007BCDE91101EFDD10AA19B3294620460DF14C09FFF78F
S32D000186C8D9FB00287FF4A6ADDDE91121103E102E02F1010CE5DCDDE906453B46604657469A4631440728CDE96D
S32D000186F01101C9F800A0C9F8046000F3E68009F10809013005E64FF0010C0A460DF14C09C8E70199059810AAB4
S32D00018718FFF7B0FB00283FF423AE7BE54FF0010C0A460DF14C095CE7002900F0DB800199059810AAFFF79EFBDF
S32D0001874000287FF46BADDDE911210DF14C09501CB7E502210FAB1491139301200DF14C09024609F10809501CA9
S32D00018768C9E5102E40F35782DDE911C1DFF81CA0CDE90CB410235446DDF804B0DDF814A062460DE0A09501009F
S32D00018790309901002099010002F1020C09F108090246103E102E1BDD501C10310728C9E90043CDE91101EFDDF9
S32D000187B810AA21B3594650460DF14C09FFF75AFB00287FF427ADDDE91121103E102E02F1010C4FF01003E3DC2D
S32D000187E0A246DDF830B00D9C62463144072ACDE91121C9F800A0C9F8046000F3A78009F10809501C48E50A465A
S32D000188084FF0010C0DF14C09C7E76C07119150D5029BA3EB0804002C4BDD0DF14C09102C40F30982DFF8ECA27D
S32D00018830119A059EDDF804B053461025BA461F4606E0901C09F108091A46103C102C19DD531C1031072BC9E900
S32D000188580075CDE91131F0DD10AA29B359463046FFF708FB00287FF4D5ACDDE91121103C102C02F101000DF185
S32D000188804C09E5DC3B4657469A4621440728C9E900A4CDE911017FF75DAD71B10199059810AAFFF7EBFA00286D
S32D000188A87FF4B8AC129951E501200A460DF14C09C7E7DDE902234245ACBF9B18434403934EE500293FF468AE25
S32D000188D00199059810AAFFF7D1FA00287FF49EAC1198129901300DF14C0912E5069B002B77D101200A460DF190
S32D000188F84C0900E511920DF14C0975E4BBF1000F7FF4F9AB55464FF0000BCDF800B03CACFFF7F9BB1AF01003ED
S32D000189203AD11AF0400200F01381049A52F8046B04929846B6B201232CE42D2376428DF83B3068EB4808AA465B
S32D00018948012327E400297DD00199059810AAFFF791FA00287FF45EACDDE911210DF14C09501C95E404933B78CA
S32D00018970FFF718BB3CACFFF7CABB09F108090CF101006246BFE4AA0500F138814FEAE3781E464346FFF7A1BB2C
S32D00018998049B53F8046B04930123FFF7F7BB099B002B3FF481AB099B1B78002B3FF47CAB3B7845F48065FFF743
S32D000189C0F1BADDE9031656F8042B0496CB17C2E90013FFF7C8BA049B53F8046B0493FFF7D6BB02210FAB1491D6
S32D000189E813930DF14C09B8E64B4A089215F0200836D0049E073626F007063246D6F8048052F8086B0492EA0757
S32D00018A1009D556EA080206D08DF83D30302345F002058DF83C3025F4806A0223FFF7B2BBAA461AE53B4A08922E
S32D00018A38DCE720460496FBF7DFF94FF0000B0090FFF761BB9DF83B20002A00F0C18001200DF13B0214901392A6
S32D00018A600DF14C09014628E415F0100242D0049A52F8046B0492CAE70AF48063CDF800B0CDF81890BB46DDF8E1
S32D00018A88249000253CAC1F4609E03046414600F007FA0A2E78F100031BD306468846304641460A22002300F0DA
S32D00018AB0FBF91146303104F8011C0A220023013C0135002FE5D099F80010A942E1D1FF2DDFD00A2E78F100036F
S32D00018AD864D23CAB1B1BCDF824905F46DDF81890DDF800B000935546FFF70DBB15F0400147D0049951F8046B5E
S32D00018B0004919046B6B282E7AA46FFF7F3BA012BAA467FF412ADFFF7F2BA00BF20990100B4950100A09501008E
S32D00018B28049E039A56F8043B1A600496FFF717BABBF1060FD84628BF4FF00608504CCDF800800496FFF78FBBA9
S32D00018B50049B1AF4007814BF53F8046B53F8046B04931CBF9046F6B20123FFF713BB049B15F4007814BF53F874
S32D00018B78046B53F8046B04931CBF9046F6B2FFF702BB049A15F4007814BF52F8046B52F8046B04921CBF88465F
S32D00018BA0F6B234E70B9B0A99E41A1A462046FEF713FF99F801300BB109F10109304641460A220023002500F0EC
S32D00018BC86FF96AE701200A460DF14C09FFF797BB069B002B7FF4B9AD0A4601200DF14C09FFF78DBB049E039AD3
S32D00018BF056F8043B04961A80FFF7B5B943F3C0185EB24346FFF769BA886DFAF7FFF9FFF7A5BACDF800B004962F
S32D00018C188346FFF778BA119A1299DFF868A00132DFE50199059810AAFFF724F900283FF4EFAAFFF7EFBA1198D0
S32D00018C40DFF848A0013020E6019B5B6EDB0707D4019B9B899F0503D4019B986DFAF7D6F94FF0FF330393FFF754
S32D00018C68E2BADFF824A08446E3E4049A7B780F4652F8041B049241EAE17BFFF78FB900BFC89501002099010094
S32D00018C9030990100F0B51F468B89ADF26C4D23F00203ADF80C304B6E1993CB89ADF80E30CB6907934B6A0993C1
S32D00018CB81AAB009304934FF48063154606460293059316A800230C460693FAF795F92A463B4669463046FFF74D
S32D00018CE009F9051E07DB69463046FDF783FF002818BF4FF0FF35BDF80C305B0603D5A38943F04003A3811698B3
S32D00018D08FAF77CF928460DF26C4DF0BD49B1FF2A02D80A70012070478A2303604FF0FF3070470846704700BFBB
S32D00018D302DE9F04383B0074688461446FFF756F8012803D108F1FF33FE2B37D9424604F15C0301A9384600F08A
S32D00018D5873F8421C064633D038B39DF804C00DF10509002509E023685A1C226083F800C00135B54219D219F88F
S32D00018D8001CBA368013B002BA360F0DAD4F818E0734561462246384602DBBCF10A0FE6D1FCF7BAFD431CE7D195
S32D00018DA80646304603B0BDE8F0834646304603B0BDE8F0835FFA88FC8DF804C00646CEE7A389304643F0400303
S32D00018DD0A38103B0BDE8F08330B5536E13F0010FB2F90C30144683B005469AB201D198051CD5900406D4626E23
S32D00018DF843F4005342F40052A381626622462846FFF792FF636EDA07054602D4A3899B0502D5284603B030BD6D
S32D00018E20A06DFAF7F3F8284603B030BDA06D0191FAF7EAF8B4F90C3001999AB2D9E700BF70B5054684B01C4666
S32D00018E4839B10B4ED6F8E060B047431C09D004B070BD0A460649D1F8E06001A9B047431CF5D100228A232260DB
S32D00018E702B6004B070BD00BF5C1500204FEA410C7FEA6C5C02D150EA013C0AD14FEA430C7FEA6C5C02D152EA73
S32D00018E98033C02D14FF0000070474FF00100704753B94AB9002908BF00281CBF4FF0FF314FF0FF3000F074B9B0
S32D00018EC0ADF1080C6DE904CE00F006F8DDF804E0DDE9022304B070472DE9F047089E0D4604468846002B4DD105
S32D00018EE88A42944668D9B2FA82F252B101FA02F3C2F1200120FA01F10CFA02FC41EA030894404FEA1C45210CAC
S32D00018F10B8FBF5FE1FFA8CF705FB1E8341EA03430EFB07F199420BD91CEB03030EF1FF3080F01E81994240F2C7
S32D00018F381B81AEF1020E63445B1AA4B2B3FBF5F005FB103344EA034400FB07F7A7420AD91CEB040400F1FF330B
S32D00018F6080F00881A74240F2058164440238E41B40EA0E4000211EB1D4400023C6E90043BDE8F0878B4208D90C
S32D00018F88002E00F0EE800021C6E900050846BDE8F087B3FA83F100294AD1AB4202D3824200F2F980841A65EBAB
S32D00018FB0030301209846002EE2D0C6E90048DFE702B9FFDEB2FA82F2002A40F09180A1EB0C054FEA1C471FFA7B
S32D00018FD88CFE0121B5FBF7F307FB1350250C45EA00450EFB03F0A84208D91CEB050503F1FF3802D2A84200F267
S32D00019000CB8043462D1AA4B2B5FBF7F007FB105544EA05440EFB00FEA64508D91CEB040400F1FF3502D2A64595
S32D0001902800F2BB802846A4EB0E0440EA03409EE7C1F120078B4022FA07FC4CEA030C20FA07F405FA01F31C437C
S32D00019050FD404FEA1C4900FA01F3B5FBF9F8200C1FFA8CFE09FB185540EA054508FB0EF0A84202FA01F20BD915
S32D000190781CEB050508F1FF3A80F08880A84240F28580A8F1020865442D1AA4B2B5FBF9F009FB105544EA05458A
S32D000190A000FB0EFEAE4508D91CEB050500F1FF346CD2AE456AD90238654440EA0840A0FB0294A5EB0E05A5420D
S32D000190C8C846A64656D353D05EB1B3EB080265EB0E0505FA07F722FA01F3CD401F43C6E900750021BDE8F0873C
S32D000190F0C2F1200320FA03F10CFA02FC25FA03F395400D434FEA1C471FFA8CFEB3FBF7F107FB11302B0C43EAB3
S32D00019118004301FB0EF0984204FA02F408D91CEB030301F1FF382FD298422DD9023963441B1AADB2B3FBF7F01A
S32D0001914007FB103345EA034500FB0EF3AB4208D91CEB050500F1FF3816D2AB4214D902386544ED1A40EA014129
S32D0001916838E73146304607E78646E5E61846FAE64B45A9D2B9EB020864EB0C0E0138A3E74046EAE7204694E7EC
S32D000191904146D1E7D0467BE7023B654432E7084609E76444023842E7704700BF024B58221A604FF0FF307047D5
S32D000191B8481B0020024B58221A604FF0FF307047481B0020024B58221A604FF0FF307047481B0020024B58226C
S32D000191E01A600020704700BF481B0020024B58221A604FF0FF307047481B0020024B58221A604FF0FF3070477E
S32D00019208481B0020024B58221A604FF0FF307047481B0020044A05491368002B08BF0B46184410601846704790
S32D000192304C1B0020501B0020024B58221A604FF0FF307047481B0020FEE700BF416E616C6F67204F70746F73E9
S32D00019258656E736F722054657374696E67000000546F756368207468652073637265656E00000000546573741E
S32D000192802046696E69736865640000000000000040787D0100D8B80500000000000000010000090200001A0381
S32D000192A8000000040000020500001A0600001B0700001A08000009090000090A00001A0B0000DB0C00001A0DD0
S32D000192D0000000000000000F00001A1000001A1100001A120000000000001A140000000000001A1600001A1750
S32D000192F800001A1800001A1900001A1A00001A1B00001B1C00001B1D00001A1E0000000000001A2000001A215D
S32D0001932000001A2200001A2300001A2400001A2500001B260000022700001A280000022900001B2A000000000C
S32D000193480000000000000000000000000000000000000000000000000000000000001A3300001A3400001A350C
S32D000193700000000000001A3700001B3800000000000000000000000000001B3C00001B3D00000000000000007B
S32D000193980101010101010101020202020202000000000000000000000004040404040303010101010101010170
S32D000193C0000001010101010000010100000101000000000001000000000000000B0000000A0000000700000058
S32D000193E80600000005000000040000000100000000000000000000000100000008000000090000000A0000002A
S32D000194100B00000011000000100000000F0000000E0000000D0000000C0000000B0000000A00000009000000AD
S32D00019438080000000700000019000000180000001A0000001B0000001C00000001000000060000000F0000005E
S32D000194600E0000000D0000000C0000000B0000000A00000009000000080000000E0000000F000000040000006F
S32D000194880500000006000000070000001100000001000000140000000100000014000000000000001300000055
S32D000194B000000000130000000B0000000A00000012000000110000001000000010000000040000000500000019
S32D000194D807000000060000000B0000000A0000000700000006000000050000000400000001000000000000002C
S32D00019500000000000100000008000000090000000A0000000B00000011000000100000000F0000000E000000D7
S32D000195280D0000000C0000000B0000000A00000009000000080000000700000019000000180000001A00000083
S32D000195501B0000001C0000007630322E30392E3030000000256400002D25642E253033640000000025642E2583
S32D0001957830336400747275650000000066616C7365000000200D0020494E4600696E66004E414E006E616E00B1
S32D000195A03031323334353637383961626364656600000000303132333435363738394142434445460000000098
S32D000195C8286E756C6C2900003000000020202020202020202020202020202020303030303030303030303030F8
S32D000195F0303030304E614E00496E66696E6974790000000042616C6C6F63207375636365656465640000000033
S32D000196182F746D702F6A656E6B696E732D4743432D31302D706970656C696E652D3333385F32303231313031F6
S32D00019640385F313633343531363139352F7372632F6E65776C69622F6E65776C69622F6C6962632F7374646CD5
S32D0001966869622F64746F612E630000002F746D702F6A656E6B696E732D4743432D31302D706970656C696E65F4
S32D000196902D3333385F32303231313031385F313633343531363139352F7372632F6E65776C69622F6E65776C7E
S32D000196B869622F6C6962632F7374646C69622F6D707265632E6300000080E03779C34143176E05B5B5B893468B
S32D000196E0F5F93FE9034F384D321D30F94877825A3CBF737FDD4F1575000000000000F03F000000000000244025
S32D0001970800000000000059400000000000408F40000000000088C34000000000006AF8400000000080842E41EA
S32D0001973000000000D01263410000000084D797410000000065CDCD41000000205FA00242000000E8764837428F
S32D00019758000000A2941A6D42000040E59C30A2420000901EC4BCD64200003426F56B0C430080E03779C3414368
S32D0001978000A0D8855734764300C84E676DC1AB43003D9160E458E143408CB5781DAF154450EFE2D6E41A4B44B0
S32D000197A892D54D06CFF08044F64AE1C7022DB544B49DD9794378EA4405000000190000007D0000002C206675F7
S32D000197D06E6374696F6E3A2000000000617373657274696F6E2022257322206661696C65643A2066696C652012
S32D000197F8222573222C206C696E65202564257325730A0000002020202020202020202828282828202020202007
S32D0001982020202020202020202020202020881010101010101010101010101010100404040404040404040410C9
S32D000198481010101010104141414141410101010101010101010101010101010101010101101010101010424213
S32D000198704242424202020202020202020202020202020202020202021010101020000000000000000000000039
S32D0001989800000000000000000000000000000000000000000000000000000000000000000000000000000000A1
S32D000198C00000000000000000000000000000000000000000000000000000000000000000000000000000000079
S32D000198E80000000000000000000000000000000000000000000000000000000000000000000000000000000051
S32D0001991043000000504F5349580000002E000000202020202020202020202020202020203030303030303030A4
S32D000199383030303030303030F8B500BFF8BC08BC9E467047C95A010065C40000D9CB000051EF00008DFE000045
S32900019960D11701007D18010039190100B11B01007D1C0100C91C0100F8B500BFF8BC08BC9E4670473E
S30D000199844483FF7F010000008E
S32D0001998C01FFFFFF170034022D0036022B00380229003A02270006023000060225000602320006022300060239
S32D000199B4340006022100060204002E01040006021F00060204003001040006021D000602040032010400060210
S32D000199DC1B00060204003401040006021900060204003601040006021700060204003801040006021500060207
S32D00019A0404003A01040006021300060204003C01040006021100060204003E01040006020F00060204004001BC
S32D00019A2C040006020D00060204004201040006020B0006020400440104000602090006020400460104000602C7
S32D00019A540700060204004801040006020500060204004A01040006020300060204004C010400060201000602A2
S32D00019A7C04004E0104000B020400500104000902040052010400080203005401030008020300540103000802C4
S32D00019AA403001D011A001D010300080203001C011C001C010300080203001B011E001B010300080203001A0143
S32D00019ACC0400180204001A01030008020300190104001A0204001901030008020300180104001C02040018015E
S32D00019AF4030008020300170104001E020400170103000802030016010400060215000502040016010300080264
S32D00019B1C0300150104000602170005020400150103000802030015010300060219000502030015010300080246
S32D00019B4403001501030005021B000402030015010300080203001501030004021C00040203001501030008021E
S32D00019B6C03001501030004021C000402030015010300080203001501030004021C0004020300150103000802F6
S32D00019B9403001501030004021C000402030015010300080203001501030004021C0004020300150103000802CE
S32D00019BBC03001501030004021C000402030015010300080203001501030004021C0004020300150103000802A6
S32D00019BE403001501030004021C000402030015010300080203001501030004021C00040203001501030008027E
S32D00019C0C03001501030004021C000402030015010300080203001501030004021C000402030015010300080255
S32D00019C3403001501030004021C000402030015010300080203001501030004021C00040203001501030008022D
S32D00019C5C03001501030004021C000402030015010300080203001501030004021C000402030015010300080205
S32D00019C8403001501030004021C000402030015010300080203001501030004021C0004020300150103000802DD
S32D00019CAC03001501030004021C000402030015010300080203001501030004021C0004020300150103000802B5
S32D00019CD403001501030004021C000402030015010300080203001501030004021C00040203001501030008028D
S32D00019CFC03001501030004021C000402030015010300080203001501030004021C000402030015010300080265
S32D00019D2403001501030004021C000402030015010300080203001501030004021C00040203001501030008023C
S32D00019D4C03001501030004021C000402030015010300080203001501030004021C000402030015010300080214
S32D00019D7403001501030004021C000402030015010300080203001501030004021C0004020300150103000802EC
S32D00019D9C03001501030004021C000402030015010300080203001501030004021C0004020300150103000802C4
S32D00019DC403001501030004021C000402030015010300080203001501030004021C00040203001501030008029C
S32D00019DEC03001501030004021C000402030015010300080203001501030004021C000402030015010300080274
S32D00019E1403001501030004021C000402030015010300080203001501030004021C00040203001501030008024B
S32D00019E3C03001501030004021C000402030015010300080203001501030004021C000402030015010300080223
S32D00019E6403001501030004021C000402030015010300080203001501030004021C0004020300150103000802FB
S32D00019E8C03001501030004021C000402030015010300080203001501030004021C0004020300150103000802D3
S32D00019EB403001501030004021C000402030015010300080203001501030004021C0004020300150103000802AB
S32D00019EDC03001501030004021C000402030015010300080203001501030004021C000402030015010300080283
S32D00019F0403001501030004021C000402030015010300080203001501030005021B00040203001501030008025A
S32D00019F2C0300150103000602190005020300150103000802030015010400060217000502040015010300080232
S32D00019F5403001601040006021500050204001601030008020300170104001E02040017010300080203001801F0
S32D00019F7C04001C0204001801030008020300190104001A02040019010300080203001A010400180204001A01A7
S32D00019FA40300080203001B011E001B010300080203001C011C001C010300080203001D011A001D01030008024F
S32D00019FCC0300540103000802030054010300080204005201040009020400500104000B0204004E010400060271
S32D00019FF40100060204004C01040006020300060204004A010400060205000602040048010400060207000602FD
S32D0001A01C04004601040006020900060204004401040006020B00060204004201040006020D0006020400400198
S32D0001A044040006020F00060204003E01040006021100060204003C01040006021300060204003A0104000602AF
S32D0001A06C1500060204003801040006021700060204003601040006021900060204003401040006021B00060270
S32D0001A09404003201040006021D00060204003001040006021F00060204002E0104000602210006023400060229
S32D0001A0BC2300060232000602250006023000060227003A02290038022B0036022D0034021700FFFF43000201C4
S32D0001A0E4930003019200040191000501900006012B000102630006012A00030262000601290005026100060129
S32D0001A10C2800070226000501230006010C000601130006010800010205000902050001021600020105000A0124
S32D0001A134090002010500080106000B010700100109000A0106000202050007020500020207000B010400030168
S32D0001A15C02000D010800030102000A0104000E010600100107000E0104000302050005020500030205000E0138
S32D0001A1840300130107000F010300100105001001060010010300040204000502040004020400100102001401F3
S32D0001A1AC06000F01020012010400100105001201020005020300050203000502030012010100150105000F01CD
S32D0001A1D402001301030010010500120102000602020005020200060203001201010009010500070105000F01BA
S32D0001A1FC01000801050007010300100104000801030007010300060202000502020006020200130101000701B4
S32D0001A22408000701040007010900060108000701040006010C0006010500060104000502030005020300050286
S32D0001A24C020006010E0007010900060104000601090006010A000601040006010B000601050006010500050253
S32D0001A2740300050203000502020006010E0006010B00050104000601090006010A000601040006010B0006012F
S32D0001A29C0400070105000502030005020300050202000E01060006010B00060103000601090006010B0005010C
S32D0001A2C4040006010B0006010300070106000502030005020300050203001001030006010B00060103000601E8
S32D0001A2EC090006010B000501040006010B000601030006010700050203000502030005020300110102000601BB
S32D0001A3140B00060103000601090006010B000501040006010B0006010200060108000502030005020300050294
S32D0001A33C04001101010006010B00060103000601090006010B000501040006010B000601010006010900050262
S32D0001A3640300050203000502050017010A00060104000601090006010A000601040006010B000C010A00050228
S32D0001A38C03000502030005020700160109000601040006010900070109000601050006010B000B01040001010B
S32D0001A3B405000502030005020300050210000E0107000701040006010A00070107000601060007010A000A01DE
S32D0001A3DC0400030104000602020005020200060211000F0103000801050006010A0008010400080106000D01BE
S32D0001A404040009010300060104000602010005020100060204002801050006010B00120108000C010500120170
S32D0001A42C0300130204002701060006010C00110109000B01060011010400110205001201010013010700060113
S32D0001A4540D000F010B000A0107000F0106000F020600120101001201080006010E000C010E00090108000C01F4
S32D0001A47C09000D020700110102000601020008010A00060110000901110007010A0009010B000B0208000F01E4
S32D0001A4A4040006018F0006018F0006018F0006018F0006018F0006018F0006018F0006018F00FFFF00000000D7
S32D0001A4CC0000005F00000007000700147F147F14242A7F2A12231308646236495522500005030000001C2241E0
S32D0001A4F4000041221C00082A1C2A0808083E080800503000000808080808006060000020100804023E51494519
S32D0001A51C3E00427F400042615149462141454B311814127F1027454545393C4A49493001710905033649494953
S32D0001A54436064949291E00363600000056360000000814224114141414144122140800020151090632497941E1
S32D0001A56C3E7E1111117E7F494949363E414141227F4141221C7F494949417F090901013E414151327F08080859
S32D0001A5947F00417F41002040413F017F081422417F404040407F0204027F7F0408107F3E4141413E7F090909C1
S32D0001A5BC063E4151215E7F09192946464949493101017F01013F4040403F1F2040201F7F2018207F6314081451
S32D0001A5E4630304780403615149454300007F4141020408102041417F0000040201020440404040400001020448
S32D0001A60C0020545454787F484444383844444420384444487F3854545418087E090102081454543C7F080404EC
S32D0001A6347800447D40002040443D00007F10284400417F40007C041804787C0804047838444444387C14141496
S32D0001A65C08081414187C7C080404084854545420043F4440203C4040207C1C2040201C3C4030403C4428102848
S32D0001A684440C5050503C4464544C44000836410000007F0000004136080008082A1C08081C2A0808200D002019
S32D0001A6AC000000000C10002074100020DC10002000000000000000000000000000000000000000000000000093
S32D0001A6D40000000000000000000000000000000000000000000000000000000000000000000000000000000057
S32D0001A6FC000000000000000000000000000000000000000000000000000000000000000000000000000000002F
S32D0001A7240000000000000000000000000000000000000000000000000000000000000000000000000000000006
S32D0001A74C000000000000000001000000000000000E33CDAB34126DE6ECDE05000B0000000000000000000000B1
S32D0001A77400000000000000000000000000000000000000000000000000000000000000000000000000000000B6
S32D0001A79C000000000000000000000000000000000000000000000000000000000000000000000000000000008E
S32D0001A7C40000000000000000000000000000000000000000000000000000000000000000000000000000000066
S32D0001A7EC000000000000000000000000000000000000000000000000000000000000000000000000000000003E
S32D0001A8140000000000000000000000000000000000000000000000000000000000000000000000000000000015
S32D0001A83C00000000000000000000000000000000000000000000000000000000000000000000000000000000ED
S32D0001A86400000000000000000000000000000000000000000000000000000000000000000000000000000000C5
S32D0001A88C000000000000000000000000000000000000000000000000000000000000000000000000000000009D
S32D0001A8B40000000000000000000000000000000000000000000000000000000000000000000000000000000075
S32D0001A8DC000000000000000000000000000000000000000000000000000000000000000000000000000000004D
S32D0001A9040000000000000000000000000000000000000000000000000000000000000000000000000000000024
S32D0001A92C00000000000000000000000000000000000000000000000000000000000000000000000000000000FC
S32D0001A95400000000000000000000000000000000000000000000000000000000000000000000000000000000D4
S32D0001A97C00000000000000000000000000000000000000000000000000000000000000000000000000000000AC
S32D0001A9A40000000000000000000000000000000000000000000000000000000000000000000000000000000084
S32D0001A9CC000000000000000000000000000000000000000000000000000000000000000000000000000000005C
S32D0001A9F40000000000000000000000000000000000000000000000000000000000000000000000000000000034
S32D0001AA1C000000000000000000000000000000000000000000000000000000000000000000000000000000000B
S32D0001AA4400000000000000000000000000000000000000000000000000000000000000000000000000000000E3
S32D0001AA6C00000000000000000000000000000000000000000000000000000000000000000000000000000000BB
S32D0001AA940000000000000000000000000000000000000000000000000000000000000000000000000000000093
S32D0001AABC0000000000000000000000000000000000000000000000000000000000000000481100204811002079
S32D0001AAE45011002050110020581100205811002060110020601100206811002068110020701100207011002099
S32D0001AB0C78110020781100208011002080110020881100208811002090110020901100209811002098110020E0
S32D0001AB34A0110020A0110020A8110020A8110020B0110020B0110020B8110020B8110020C0110020C011002028
S32D0001AB5CC8110020C8110020D0110020D0110020D8110020D8110020E0110020E0110020E8110020E811002070
S32D0001AB84F0110020F0110020F8110020F8110020001200200012002008120020081200201012002010120020B2
S32D0001ABAC18120020181200202012002020120020281200202812002030120020301200203812002038120020F6
S32D0001ABD4401200204012002048120020481200205012002050120020581200205812002060120020601200203E
S32D0001ABFC6812002068120020701200207012002078120020781200208012002080120020881200208812002086
S32D0001AC2490120020901200209812002098120020A0120020A0120020A8120020A8120020B0120020B0120020CD
S32D0001AC4CB8120020B8120020C0120020C0120020C8120020C8120020D0120020D0120020D8120020D812002015
S32D0001AC74E0120020E0120020E8120020E8120020F0120020F0120020F8120020F812002000130020001300205B
S32D0001AC9C081300200813002010130020101300201813002018130020201300202013002028130020281300209B
S32D0001ACC430130020301300203813002038130020401300204013002048130020481300205013002050130020E3
S32D0001ACEC581300205813002060130020601300206813002068130020701300207013002078130020781300202B
S32D0001AD148013002080130020881300208813002090130020901300209813002098130020A0130020A013002072
S32D0001AD3CA8130020A8130020B0130020B0130020B8130020B8130020C0130020C0130020C8130020C8130020BA
S32D0001AD64D0130020D0130020D8130020D8130020E0130020E0130020E8130020E8130020F0130020F013002002
S32D0001AD8CF8130020F8130020001400200014002008140020081400201014002010140020181400201814002042
S32D0001ADB42014002020140020281400202814002030140020301400203814002038140020401400204014002088
S32D0001ADDC48140020481400205014002050140020581400205814002060140020601400206814002068140020D0
S32D0001AE047014002070140020781400207814002080140020801400208814002088140020901400209014002017
S32D0001AE2C9814002098140020A0140020A0140020A8140020A8140020B0140020B0140020B8140020B81400205F
S32D0001AE54C0140020C0140020C8140020C8140020D0140020D0140020D8140020D8140020E0140020E0140020A7
S32D0001AE7CE8140020E8140020F0140020F0140020F8140020F814002000150020001500200815002008150020EB
S32D0001AEA4101500201015002018150020181500202015002020150020281500202815002030150020301500202D
S32D0001AECC38150020381500204015002040150020FFFFFFFF00000200041B002043000000000000000000000013
S32D0001AEF400000000000000000000000000000000000000004300000000000000000000000000000000000000EC
S32D0001AF1C00000000000000000000000043000000000000000000000000000000000000000000000000000000C3
S32D0001AF440000000043000000000000000000000000000000000000000000000000000000000000004300000058
S32D0001AF6C0000000000000000000000000000000000000000000000000000000043000000000000000000000073
S32D0001AF94000000000000000000000000000000000000000043000000000000000000000000000000000000004B
S32D0001AFBC000000000000000000000000158D0100257E0100000000000C9801001C990100D8970100D8970100E4
S32D0001AFE4D8970100D8970100D8970100D8970100D8970100D8970100D8970100FFFFFFFFFFFFFFFFFFFFFFFF3A
S32D0001B00CFFFF000001004153434949000000000000000000000000000000000000000000000000000000415319
S3250001B034434949000000000000000000000000000000000000000000000000000000000020
S7050000C25DDB
